-- phpMyAdmin SQL Dump
-- version 4.8.5
-- https://www.phpmyadmin.net/
--
-- Servidor: 127.0.0.1
-- Tiempo de generación: 09-03-2019 a las 02:59:31
-- Versión del servidor: 10.1.38-MariaDB
-- Versión de PHP: 7.3.2

SET SQL_MODE = "NO_AUTO_VALUE_ON_ZERO";
SET AUTOCOMMIT = 0;
START TRANSACTION;
SET time_zone = "+00:00";


/*!40101 SET @OLD_CHARACTER_SET_CLIENT=@@CHARACTER_SET_CLIENT */;
/*!40101 SET @OLD_CHARACTER_SET_RESULTS=@@CHARACTER_SET_RESULTS */;
/*!40101 SET @OLD_COLLATION_CONNECTION=@@COLLATION_CONNECTION */;
/*!40101 SET NAMES utf8mb4 */;

--
-- Base de datos: `restaurante`
--

-- --------------------------------------------------------

--
-- Estructura de tabla para la tabla `carta`
--

CREATE TABLE `carta` (
  `CARTA_ID` int(11) NOT NULL,
  `CARTA_DESCRIPCION` varchar(50) DEFAULT NULL,
  `CARTA_PRECIO` decimal(10,2) DEFAULT NULL
) ENGINE=InnoDB DEFAULT CHARSET=latin1;

--
-- Volcado de datos para la tabla `carta`
--

INSERT INTO `carta` (`CARTA_ID`, `CARTA_DESCRIPCION`, `CARTA_PRECIO`) VALUES
(1, 'Ceviche Mixto', '100.00'),
(2, 'Ceviche de conchas negras', '45.00'),
(3, 'Ceviche de Pota', '5.00'),
(4, 'Spaguetti a la boloñesa', '23.00'),
(5, 'Empanada', '5.00'),
(6, 'Makis', '34.00'),
(7, 'ensalada', '12.00'),
(8, 'Tallarines verdes', '35.00');

-- --------------------------------------------------------

--
-- Estructura de tabla para la tabla `empresa`
--

CREATE TABLE `empresa` (
  `EMPRES_ID` int(9) NOT NULL,
  `EMPRES_RUC` varchar(11) COLLATE utf8_unicode_ci NOT NULL,
  `EMPRES_RAZON_SOCIAL` varchar(250) COLLATE utf8_unicode_ci NOT NULL,
  `EMPRES_RAZON_COMERCIAL` varchar(250) COLLATE utf8_unicode_ci NOT NULL,
  `REGISTER_DATE` timestamp NOT NULL DEFAULT CURRENT_TIMESTAMP
) ENGINE=InnoDB DEFAULT CHARSET=utf8 COLLATE=utf8_unicode_ci;

--
-- Volcado de datos para la tabla `empresa`
--

INSERT INTO `empresa` (`EMPRES_ID`, `EMPRES_RUC`, `EMPRES_RAZON_SOCIAL`, `EMPRES_RAZON_COMERCIAL`, `REGISTER_DATE`) VALUES
(1, '', 'Ximena', '', '2019-03-08 21:29:25');

-- --------------------------------------------------------

--
-- Estructura de tabla para la tabla `empresa_cuenta_contable`
--

CREATE TABLE `empresa_cuenta_contable` (
  `EMPRES_ID` int(11) NOT NULL,
  `CUENTA_CODIGO` varchar(10) COLLATE utf8_unicode_ci NOT NULL,
  `cuenta_descripcion` varchar(250) COLLATE utf8_unicode_ci NOT NULL,
  `DEBE` decimal(10,3) NOT NULL,
  `HABER` decimal(10,3) NOT NULL,
  `fecha_creacion` timestamp NOT NULL DEFAULT CURRENT_TIMESTAMP
) ENGINE=InnoDB DEFAULT CHARSET=utf8 COLLATE=utf8_unicode_ci;

-- --------------------------------------------------------

--
-- Estructura de tabla para la tabla `entidad`
--

CREATE TABLE `entidad` (
  `ENTIDA_ID` int(11) NOT NULL,
  `TIPDOC_ID` varchar(1) COLLATE utf8_unicode_ci NOT NULL,
  `ENTIDA_NUMERO_DOCUMENTO` varchar(11) COLLATE utf8_unicode_ci NOT NULL,
  `ENTIDA_RAZON_SOCIAL` varchar(200) COLLATE utf8_unicode_ci NOT NULL,
  `REGISTER_USUARI_ID` int(11) NOT NULL,
  `REGISTER_DATE` timestamp NOT NULL DEFAULT CURRENT_TIMESTAMP,
  `UPDATE_USUARI_ID` int(11) NOT NULL,
  `UPDATE_DATE` timestamp NOT NULL DEFAULT '0000-00-00 00:00:00'
) ENGINE=InnoDB DEFAULT CHARSET=utf8 COLLATE=utf8_unicode_ci;

--
-- Volcado de datos para la tabla `entidad`
--

INSERT INTO `entidad` (`ENTIDA_ID`, `TIPDOC_ID`, `ENTIDA_NUMERO_DOCUMENTO`, `ENTIDA_RAZON_SOCIAL`, `REGISTER_USUARI_ID`, `REGISTER_DATE`, `UPDATE_USUARI_ID`, `UPDATE_DATE`) VALUES
(1, '1', '74305661', 'william medina', 1, '2019-01-29 02:18:21', 1, '2019-01-29 08:18:23'),
(2, '6', '20601313414', 'H CHAMBA ASOCIADOS S.A.C. ', 1, '2019-01-29 13:55:31', 1, '2019-01-29 19:55:31'),
(3, '6', '20563606461', 'AYARU\'S S&E S.A.C.', 1, '2019-01-29 13:55:57', 1, '2019-01-29 19:55:57'),
(4, '6', '20602831125', 'SMART CAMPS PERU S.A.C.', 1, '2019-01-29 13:56:17', 1, '2019-01-29 19:56:18'),
(5, '1', '48083071', 'José Luis Rodriguez', 1, '2019-03-08 22:15:16', 1, '2019-03-08 22:15:16'),
(6, '6', '20100016681', 'IMPORTACIONES HIRAOKA S.A.C.', 1, '2019-03-08 22:31:52', 1, '2019-03-08 22:31:52');

-- --------------------------------------------------------

--
-- Estructura de tabla para la tabla `entidad_rol`
--

CREATE TABLE `entidad_rol` (
  `ENTIDA_ID` int(11) NOT NULL,
  `ROLENT_ID` int(11) NOT NULL
) ENGINE=InnoDB DEFAULT CHARSET=latin1;

--
-- Volcado de datos para la tabla `entidad_rol`
--

INSERT INTO `entidad_rol` (`ENTIDA_ID`, `ROLENT_ID`) VALUES
(1, 1),
(2, 1),
(3, 1),
(4, 1),
(5, 1),
(6, 2);

-- --------------------------------------------------------

--
-- Estructura de tabla para la tabla `menu`
--

CREATE TABLE `menu` (
  `MENU_ID` int(11) NOT NULL,
  `MENU_PADRE_ID` int(11) NOT NULL,
  `MENU_DESCRIPCION` varchar(200) COLLATE utf8_unicode_ci NOT NULL,
  `MENU_RUTA` varchar(200) COLLATE utf8_unicode_ci NOT NULL,
  `REGISTER_USUARI_ID` int(11) NOT NULL,
  `REGISTER_DATE` timestamp NOT NULL DEFAULT CURRENT_TIMESTAMP,
  `UPDATE_USUARI_ID` int(11) NOT NULL,
  `UPDATE_DATE` timestamp NOT NULL DEFAULT '0000-00-00 00:00:00'
) ENGINE=InnoDB DEFAULT CHARSET=utf8 COLLATE=utf8_unicode_ci;

--
-- Volcado de datos para la tabla `menu`
--

INSERT INTO `menu` (`MENU_ID`, `MENU_PADRE_ID`, `MENU_DESCRIPCION`, `MENU_RUTA`, `REGISTER_USUARI_ID`, `REGISTER_DATE`, `UPDATE_USUARI_ID`, `UPDATE_DATE`) VALUES
(1, 0, 'Mantenimientos', '#', 1, '2019-01-22 02:55:18', 1, '0000-00-00 00:00:00'),
(2, 1, 'Roles', 'roles', 1, '2018-11-20 20:14:34', 1, '0000-00-00 00:00:00'),
(3, 1, 'Usuarios', 'usuarios', 1, '2018-11-20 21:44:52', 1, '0000-00-00 00:00:00'),
(4, 1, 'Carta', 'cartas', 1, '2019-01-08 00:07:21', 1, '0000-00-00 00:00:00'),
(5, 1, 'Mesas', 'mesas', 1, '2018-12-14 14:34:42', 1, '0000-00-00 00:00:00'),
(9, 0, 'Pedidos', 'pedidos', 1, '2019-01-07 23:46:03', 1, '0000-00-00 00:00:00'),
(11, 1, 'Clientes', 'clientes', 1, '2019-01-29 01:41:11', 1, '2019-02-03 12:23:33'),
(12, 1, 'Menús', 'menus', 1, '2019-02-02 21:18:09', 1, '2019-02-03 05:22:26'),
(13, 0, 'Administración ', '#', 1, '2019-02-02 21:41:04', 1, '2019-02-03 03:41:07'),
(14, 13, 'Ventas', 'ventas', 1, '2019-02-02 21:44:25', 1, '2019-02-03 05:20:44'),
(15, 13, 'Compras', 'compras', 1, '2019-03-08 22:05:19', 1, '2019-03-08 22:05:19'),
(16, 1, 'Proveedores', 'proveedores', 1, '2019-03-08 22:19:39', 1, '2019-03-08 22:19:39');

-- --------------------------------------------------------

--
-- Estructura de tabla para la tabla `mesa`
--

CREATE TABLE `mesa` (
  `MESA_ID` int(11) NOT NULL,
  `REGISTER_USUARI_ID` int(11) NOT NULL,
  `REGISTER_DATE` timestamp NOT NULL DEFAULT CURRENT_TIMESTAMP,
  `UPDATE_USUARI_ID` int(11) NOT NULL,
  `UPDATE_DATE` timestamp NOT NULL DEFAULT '0000-00-00 00:00:00'
) ENGINE=InnoDB DEFAULT CHARSET=utf8 COLLATE=utf8_unicode_ci;

--
-- Volcado de datos para la tabla `mesa`
--

INSERT INTO `mesa` (`MESA_ID`, `REGISTER_USUARI_ID`, `REGISTER_DATE`, `UPDATE_USUARI_ID`, `UPDATE_DATE`) VALUES
(1, 1, '2018-12-18 16:37:49', 1, '2018-12-18 22:37:49'),
(2, 1, '2018-12-18 16:37:55', 1, '2018-12-18 22:37:55'),
(3, 1, '2018-12-18 16:38:00', 1, '2018-12-18 22:38:00'),
(4, 1, '2018-12-21 15:26:15', 1, '2018-12-21 21:26:17'),
(5, 1, '2019-01-15 01:11:59', 1, '2019-01-15 06:11:59');

-- --------------------------------------------------------

--
-- Estructura de tabla para la tabla `pedido`
--

CREATE TABLE `pedido` (
  `PEDIDO_ID` int(11) NOT NULL,
  `MESA_ID` int(11) NOT NULL,
  `PEDIDO_ESTADO` int(1) NOT NULL,
  `REGISTER_USUARI_ID` int(11) NOT NULL,
  `UPDATE_USUARI_ID` int(11) NOT NULL,
  `UPDATE_DATE` timestamp NOT NULL DEFAULT CURRENT_TIMESTAMP
) ENGINE=InnoDB DEFAULT CHARSET=latin1;

--
-- Volcado de datos para la tabla `pedido`
--

INSERT INTO `pedido` (`PEDIDO_ID`, `MESA_ID`, `PEDIDO_ESTADO`, `REGISTER_USUARI_ID`, `UPDATE_USUARI_ID`, `UPDATE_DATE`) VALUES
(1, 4, 3, 1, 1, '2019-01-08 03:25:10'),
(2, 2, 4, 3, 3, '2019-01-08 05:13:44'),
(3, 3, 3, 2, 2, '2019-01-08 05:32:57'),
(4, 2, 2, 2, 2, '2019-01-08 05:38:20'),
(5, 3, 2, 2, 2, '2019-01-08 05:40:44'),
(6, 2, 3, 1, 1, '2019-01-08 20:16:45'),
(7, 4, 2, 1, 1, '2019-01-15 05:02:25'),
(8, 4, 2, 1, 1, '2019-01-15 05:03:10'),
(9, 2, 2, 2, 2, '2019-01-15 06:09:05'),
(10, 5, 1, 1, 1, '2019-01-23 05:58:02'),
(11, 3, 1, 1, 1, '2019-01-26 07:38:13'),
(12, 3, 1, 1, 1, '2019-01-26 07:39:55'),
(13, 3, 2, 5, 5, '2019-02-05 11:40:28');

-- --------------------------------------------------------

--
-- Estructura de tabla para la tabla `pedido_detalle`
--

CREATE TABLE `pedido_detalle` (
  `PEDIDO_ID` int(11) NOT NULL,
  `PEDDET_ID` int(11) NOT NULL,
  `CARTA_ID` int(11) NOT NULL,
  `PEDDET_CANTIDAD` int(11) NOT NULL
) ENGINE=InnoDB DEFAULT CHARSET=latin1;

--
-- Volcado de datos para la tabla `pedido_detalle`
--

INSERT INTO `pedido_detalle` (`PEDIDO_ID`, `PEDDET_ID`, `CARTA_ID`, `PEDDET_CANTIDAD`) VALUES
(1, 1, 3, 2),
(1, 2, 4, 2),
(2, 1, 1, 3),
(2, 2, 5, 5),
(2, 3, 6, 12),
(3, 1, 4, 2),
(3, 2, 1, 3),
(4, 1, 7, 5),
(4, 2, 4, 2),
(5, 1, 1, 1),
(5, 2, 4, 2),
(6, 1, 2, 3),
(7, 1, 1, 1),
(8, 1, 2, 1),
(9, 1, 2, 2),
(9, 2, 5, 3),
(7, 2, 4, 5),
(10, 1, 2, 66),
(12, 1, 1, 2),
(13, 1, 2, 2);

-- --------------------------------------------------------

--
-- Estructura de tabla para la tabla `plan_contable`
--

CREATE TABLE `plan_contable` (
  `codigo` varchar(10) COLLATE utf8_unicode_ci NOT NULL,
  `descripcion` varchar(250) COLLATE utf8_unicode_ci NOT NULL
) ENGINE=InnoDB DEFAULT CHARSET=utf8 COLLATE=utf8_unicode_ci;

--
-- Volcado de datos para la tabla `plan_contable`
--

INSERT INTO `plan_contable` (`codigo`, `descripcion`) VALUES
('10', 'EFECTIVO Y EQUIVALENTES DE EFECTIVO'),
('101', 'CAJA'),
('102', 'FONDOS FIJOS'),
('103', 'EFECTIVO EN TRÁNSITO'),
('104', 'CUENTAS CORRIENTES EN INSTITUCIONES FINANCIERAS'),
('1041', 'CUENTAS CORRIENTES OPERATIVAS'),
('1042', 'CUENTAS CORRIENTES PARA FINES ESPECÍFICOS'),
('105', 'OTROS EQUIVALENTES DE EFECTIVO'),
('1051', 'OTROS EQUIVALENTES DE EFECTIVO'),
('106', 'DEPÓSITOS EN INSTITUCIONES FINANCIERAS'),
('1061', 'DEPÓSITOS DE AHORRO'),
('1062', 'DEPÓSITOS A PLAZO'),
('107', 'FONDOS SUJETOS A RESTRICCIÓN'),
('1071', 'FONDOS SUJETOS A RESTRICCIÓN'),
('11', 'INVERSIONES FINANCIERAS'),
('111', 'INVERSIONES MANTENIDAS PARA NEGOCIACION'),
('1111', 'VALORES EMITIDOS O GARANTIZADOS POR EL ESTADO'),
('11111', 'COSTO '),
('11112', 'VALOR RAZONABLE'),
('1112', 'VALORES EMITIDOS POR EL SISTEMA FINANCIERO'),
('11121', 'COSTO '),
('11122', 'VALOR RAZONABLE'),
('1113', 'VALORES EMITIDOS POR EMPRESAS'),
('11131', 'COSTO'),
('11132', 'VALOR RAZONABLE'),
('1114', 'OTROS TÍTULOS REPRESENTATIVOS DE DEUDA'),
('11141', 'COSTO'),
('11142', 'VALOR RAZONABLE'),
('1115', 'PARTICIPACIONES EN ENTIDADES'),
('11151', 'COSTO'),
('11152', 'VALOR RAZONABLE'),
('112', 'INVERSIONES DISPONIBLES PARA LA VENTA'),
('1121', 'VALORES EMITIDOS O GARANTIZADOS POR EL ESTADO'),
('11211', 'COSTO'),
('11212', 'VALOR RAZONABLE'),
('1122', 'VALORES EMITIDOS POR EL SISTEMA FINANCIERO'),
('11221', 'COSTO'),
('11222', 'VALOR RAZONABLE'),
('1123', 'VALORES EMITIDOS POR EMPRESAS'),
('11231', 'COSTO'),
('11232', 'VALOR RAZONABLE'),
('1124', 'OTROS TÍTULOS REPRESENTATIVOS DE DEUDA'),
('11241', 'COSTO'),
('11242', 'VALOR RAZONABLE'),
('113', 'ACTIVOS FINANCIEROS – ACUERDO DE COMPRA'),
('1131', 'INVERSIONES MANTENIDAS PARA NEGOCIACION - ACUERDO DE COMPRA'),
('11311', 'COSTO'),
('11312', 'VALOR RAZONABLE'),
('1132', 'INVERSIONES DISPONIBLES PARA LA VENTA - ACUERDO DE COMPRA'),
('11321', 'COSTO'),
('11322', 'VALOR RAZONABLE'),
('12', 'CUENTAS POR COBRAR COMERCIALES – TERCEROS'),
('121', 'FACTURAS, BOLETAS Y OTROS COMPROBANTES POR COBRAR'),
('1211', 'NO EMITIDAS'),
('1212', 'EMITIDAS EN CARTERA'),
('1213', 'EN COBRANZA'),
('1214', 'EN DESCUENTO'),
('122', 'ANTICIPOS DE CLIENTES'),
('123', 'LETRAS POR COBRAR'),
('1231', 'EN CARTERA'),
('1232', 'EN COBRANZA'),
('1233', 'EN DESCUENTO'),
('13', 'CUENTAS POR COBRAR COMERCIALES – RELACIONADAS'),
('131', 'FACTURAS, BOLETAS Y OTROS COMPROBANTES POR COBRAR'),
('1311', 'NO EMITIDAS'),
('13111', 'MATRIZ'),
('13112', 'SUBSIDIARIAS'),
('13113', 'ASOCIADAS'),
('13114', 'SUCURSALES'),
('13115', 'OTROS'),
('1312', 'EMITIDAS EN CARTERA'),
('13121', 'MATRIZ'),
('13122', 'SUBSIDIARIAS'),
('13123', 'ASOCIADAS'),
('13124', 'SUCURSALES'),
('1313', 'EN COBRANZA'),
('13131', 'MATRIZ'),
('13132', 'SUBSIDIARIAS'),
('13133', 'ASOCIADAS'),
('13134', 'SUCURSALES'),
('13135', 'OTROS'),
('1314', 'EN DESCUENTO'),
('13141', 'MATRIZ'),
('13142', 'SUBSIDIARIAS'),
('13143', 'ASOCIADAS'),
('13144', 'SUCURSALES'),
('13145', 'OTROS'),
('132', 'ANTICIPOS RECIBIDOS'),
('1321', 'ANTICIPOS RECIBIDOS'),
('13211', 'MATRIZ'),
('13212', 'SUBSIDIARIAS'),
('13213', 'ASOCIADAS'),
('13214', 'SUCURSALES'),
('13215', 'OTROS'),
('133', 'LETRAS POR COBRAR'),
('1331', 'EN CARTERA'),
('13311', 'MATRIZ'),
('13312', 'SUBSIDIARIAS'),
('13313', 'ASOCIADAS'),
('13314', 'SUCURSALES'),
('13315', 'OTROS'),
('1332', 'EN COBRANZA'),
('13321', 'MATRIZ'),
('13322', 'SUBSIDIARIAS'),
('13323', 'ASOCIADAS'),
('13324', 'SUCURSALES'),
('13325', 'OTROS'),
('1333', 'EN DESCUENTO'),
('13331', 'MATRIZ'),
('13332', 'SUBSIDIARIAS'),
('13333', 'ASOCIADAS'),
('13334', 'SUCURSALES'),
('13335', 'OTROS'),
('14', 'CUENTAS POR COBRAR AL PERSONAL, A LOS ACCIONISTAS (SOCIOS), DIRECTORES Y GERENTES'),
('141', 'PERSONAL'),
('1411', 'PRÉSTAMOS'),
('1412', 'ADELANTO DE REMUNERACIONES'),
('1413', 'ENTREGAS A RENDIR CUENTA'),
('1419', 'OTRAS CUENTAS POR COBRAR AL PERSONAL'),
('142', 'ACCIONISTAS (O SOCIOS)'),
('1421', 'SUSCRIPCIONES POR COBRAR A SOCIOS O ACCIONISTAS'),
('1422', 'PRÉSTAMOS'),
('143', 'DIRECTORES'),
('1431', 'PRÉSTAMOS'),
('1432', 'ADELANTO DE DIETAS'),
('1433', 'ENTREGAS A RENDIR CUENTA'),
('144', 'GERENTES'),
('1441', 'PRÉSTAMOS'),
('1442', 'ADELANTO DE NUMERACIONES'),
('1443', 'ENTREGAS A RENDIR CUENTA'),
('148', 'DIVERSAS'),
('16', 'CUENTAS POR COBRAR DIVERSAS - TERCEROS'),
('161', 'PRÉSTAMOS'),
('1611', 'CON GARANTÍA'),
('1612', 'SIN GARANTÍA'),
('162', 'RECLAMACIONES A TERCEROS'),
('1621', 'COMPAÑÍAS ASEGURADORAS'),
('1622', 'TRANSPORTADORAS'),
('1623', 'SERVICIOS PÚBLICOS'),
('1624', 'TRIBUTOS'),
('1629', 'OTRAS'),
('163', 'INTERESES, REGALÍAS Y DIVIDENDOS'),
('1631', 'INTERESES'),
('1632', 'REGALÍAS'),
('1633', 'DIVIDENDOS'),
('164', 'DEPÓSITOS OTORGADOS EN GARANTÍA'),
('1641', 'PRÉSTAMOS DE INSTITUCIONES NO FINANCIERAS'),
('1642', 'PRÉSTAMOS DE INSTITUCIONES FINANCIERAS'),
('1644', 'DEPÓSITO EN GARANTÍA POR ALQUILERES'),
('1649', 'OTROS DEPÓSITOS EN GARANTÍA'),
('165', 'VENTA DE ACTIVO INMOVILIZADO'),
('1651', 'INVERSIÓN MOBILIARIA'),
('1652', 'INVERSIÓN INMOBILIARIA'),
('1653', 'INMUEBLES, MAQUINARIA Y EQUIPO'),
('1654', 'INTANGIBLES'),
('1655', 'ACTIVOS BIOLÓGICOS'),
('166', 'ACTIVOS POR INSTRUMENTOS FINANCIEROS DERIVADOS'),
('1661', 'INSTRUMENTOS FINANCIEROS'),
('1662', 'INSTRUMENTOS FINANCIEROS DERIVADOS'),
('16621', 'CARTERA DE NEGOCIACIÓN'),
('16622', 'INSTRUMENTOS DE COBERTURA'),
('168', 'OTRAS CUENTAS POR COBRAR DIVERSAS'),
('1681', 'ENTREGAS A RENDIR CUENTA A TERCEROS'),
('1682', 'OTRAS CUENTAS POR COBRAR DIVERSAS'),
('17', 'CUENTAS POR COBRAR DIVERSAS - RELACIONADAS'),
('171', 'PRÉSTAMOS'),
('1711', 'CON GARANTÍA'),
('17111', 'MATRIZ'),
('17112', 'SUBSIDIARIAS'),
('17113', 'ASOCIADAS'),
('17114', 'SUCURSALES'),
('17115', 'OTROS'),
('1712', 'SIN GARANTÍA'),
('17121', 'MATRIZ'),
('17122', 'SUBSIDIARIAS'),
('17123', 'ASOCIADAS'),
('17124', 'SUCURSALES'),
('17125', 'OTROS'),
('173', 'INTERESES, REGALÍAS Y DIVIDENDOS'),
('1731', 'INTERESES'),
('17311', 'MATRIZ'),
('17312', 'SUBSIDIARIAS'),
('17313', 'ASOCIADAS'),
('17314', 'SUCURSALES'),
('17315', 'OTROS'),
('1732', 'REGALÍAS'),
('17321', 'MATRIZ'),
('17322', 'SUBSIDIARIAS'),
('17323', 'ASOCIADAS'),
('17324', 'SUCURSALES'),
('17325', 'OTROS'),
('1733', 'DIVIDENDOS'),
('17331', 'MATRIZ'),
('17332', 'SUBSIDIARIAS'),
('17333', 'ASOCIADAS'),
('17334', 'OTROS'),
('174', 'DEPÓSITOS OTORGADOS EN GARANTÍA'),
('175', 'VENTA DE ACTIVO INMOVILIZADO'),
('1751', 'INVERSIÓN MOBILIARIA'),
('1752', 'INVERSIÓN INMOBILIARIA'),
('1753', 'INMUEBLES, MAQUINARIA Y EQUIPO'),
('1754', 'INTANGIBLES'),
('1755', 'ACTIVOS BIOLÓGICOS'),
('176', 'ACTIVOS POR INSTRUMENTOS FINANCIEROS DERIVADOS'),
('178', 'OTRAS CUENTAS POR COBRAR DIVERSAS'),
('18', 'SERVICIOS Y OTROS CONTRATADOS POR ANTICIPADO'),
('181', 'COSTOS FINANCIEROS'),
('182', 'SEGUROS'),
('183', 'ALQUILERES'),
('184', 'PRIMAS PAGADAS POR OPCIONES'),
('185', 'MANTENIMIENTO DE ACTIVOS INMOVILIZADOS'),
('189', 'OTROS GASTOS CONTRATADOS POR ANTICIPADO'),
('19', 'ESTIMACIÓN DE CUENTAS DE COBRANZA DUDOSA'),
('191', 'CUENTAS POR COBRAR COMERCIALES - TERCEROS'),
('1911', 'FACTURAS, BOLETAS Y OTROS COMPROBANTES POR COBRAR'),
('1913', 'LETRAS POR COBRAR'),
('192', 'CUENTAS POR COBRAR COMERCIALES - RELACIONADAS'),
('1921', 'FACTURAS, BOLETAS Y OTROS COMPROBANTES POR COBRAR'),
('1922', 'LETRAS POR COBRAR'),
('193', 'CUENTAS POR COBRAR AL PERSONAL, A LOS ACCIONISTAS (SOCIOS), DIRECTORES Y GERENTES'),
('1931', 'PERSONAL'),
('1932', 'ACCIONISTAS'),
('1933', 'DIRECTORES'),
('1934', 'GERENTES'),
('1938', 'DIVERSAS'),
('194', 'CUENTAS POR COBRAR DIVERSAS- TERCEROS'),
('1941', 'PRESTAMOS'),
('1942', 'RECLAMACIONES A TERCEROS'),
('1943', 'INTERESES REGALIAS Y DIVIDENDOS '),
('1944', 'DEPOSITOS OTORGADOS EN GARANTIA'),
('1945', 'VENTA DE ACTIVO INMOVILIZADO'),
('1946', 'ACTIVOS POR INSTRUMENTOS FINANCIEROS '),
('1949', 'OTRAS CUENTAS POR COBRAR DIVERSAS'),
('195', 'CUENTAS POR COBRAR DIVERSAS - RELACIONADAS'),
('1951', 'PRESTAMOS'),
('1953', 'INTERESES REGALIAS Y DIVIDENDOS '),
('1954', 'DEPOSITOS OTORGADOS EN GARANTIA'),
('1955', 'VENTA DE ACTIVO INMOVILIZADO'),
('1956', 'ACTIVOS POR INSTRUMENTOS FINANCIEROS '),
('1958', 'OTRAS CUENTAS POR COBRAR DIVERSAS'),
('20', 'MERCADERÍAS'),
('201', 'MERCADERÍAS MANUFACTURADAS'),
('2011', 'MERCADERÍAS MANUFACTURADAS'),
('20111', 'COSTO'),
('20112', 'VALOR RAZONABLE'),
('202', 'MERCADERÍAS DE EXTRACCIÓN'),
('203', 'MERCADERÍAS AGROPECUARIAS Y PISCÍCOLAS'),
('2031', 'DE ORIGEN ANIMAL'),
('2032', 'DE ORIGEN VEGETAL'),
('204', 'MERCADERÍAS INMUEBLES'),
('208', 'OTRAS MERCADERÍAS'),
('21', 'PRODUCTOS TERMINADOS'),
('211', 'PRODUCTOS MANUFACTURADOS'),
('212', 'PRODUCTOS DE EXTRACCIÓN TERMINADOS'),
('213', 'PRODUCTOS AGROPECUARIOS Y PISCÍCOLAS TERMINADOS'),
('2131', 'DE ORIGEN ANIMAL'),
('21311', 'COSTO'),
('21312', 'VALOR RAZONABLE'),
('2132', 'DE ORIGEN VEGETAL'),
('21321', 'COSTO'),
('21322', 'VALOR RAZONABLE'),
('214', 'PRODUCTOS INMUEBLES'),
('215', 'EXISTENCIAS DE SERVICIOS TERMINADOS'),
('217', 'OTROS PRODUCTOS TERMINADOS'),
('218', 'COSTOS DE FINANCIACIÓN – PRODUCTOS TERMINADOS'),
('22', 'SUBPRODUCTOS, DESECHOS Y DESPERDICIOS'),
('221', 'SUBPRODUCTOS'),
('222', 'DESECHOS Y DESPERDICIOS'),
('23', 'PRODUCTOS EN PROCESO'),
('231', 'PRODUCTOS EN PROCESO DE MANUFACTURA'),
('232', 'PRODUCTOS EXTRAÍDOS EN PROCESO DE TRANSFORMACIÓN'),
('233', 'PRODUCTOS AGROPECUARIOS Y PISCÍCOLAS EN PROCESO'),
('2331', 'DE ORIGEN ANIMAL'),
('23311', 'COSTO'),
('23312', 'VALOR RAZONABLE'),
('2332', 'DE ORIGEN VEGETAL'),
('23321', 'COSTO'),
('23322', 'VALOR RAZONABLE'),
('234', 'PRODUCTOS INMUEBLES EN PROCESO'),
('235', 'EXISTENCIAS DE SERVICIOS EN PROCESO'),
('237', 'OTROS PRODUCTOS EN PROCESO'),
('238', 'COSTOS DE FINANCIACIÓN – PRODUCTOS EN PROCESO'),
('24', 'MATERIAS PRIMAS'),
('241', 'MATERIAS PRIMAS PARA PRODUCTOS MANUFACTURADOS'),
('242', 'MATERIAS PRIMAS PARA PRODUCTOS DE EXTRACCIÓN'),
('243', 'MATERIAS PRIMAS PARA PRODUCTOS AGROPECUARIOS Y PISCÍCOLAS'),
('244', 'MATERIAS PRIMAS PARA PRODUCTOS INMUEBLES'),
('25', 'MATERIALES AUXILIARES, SUMINISTROS Y REPUESTOS'),
('251', 'MATERIALES AUXILIARES'),
('252', 'SUMINISTROS'),
('2521', 'COMBUSTIBLES'),
('2522', 'LUBRICANTES'),
('2523', 'ENERGÍA'),
('2524', 'OTROS SUMINISTROS'),
('253', 'REPUESTOS'),
('26', 'ENVASES Y EMBALAJES'),
('261', 'ENVASES'),
('262', 'EMBALAJES'),
('27', 'ACTIVOS NO CORRIENTES MANTENIDOS PARA LA VENTA'),
('271', 'INVERSIONES INMOBILIARIAS'),
('2711', 'TERRENOS'),
('27111', 'VOLOR RAZONABLE'),
('27112', 'COSTO'),
('27113', 'REVALUACIÓN'),
('2712', 'EDIFICACIONES'),
('27121', 'VALOR RAZONABLE'),
('27122', 'COSTO'),
('27123', 'REVALUACIÓN'),
('27124', 'COSTO DE FINANCIACION'),
('272', 'INMUEBLES, MAQUINARIA Y EQUIPO'),
('2721', 'TERRENOS'),
('27211', 'VALOR RAZONABLE'),
('27212', 'COSTO'),
('27213', 'REVALUACIÓN'),
('2722', 'EDIFICACIONES'),
('27221', 'COSTO DE ADQUISICION O CONSTRUCCION'),
('27222', 'REVALUACIÓN'),
('27223', 'COSTO DE FINANCIACION'),
('2723', 'MAQUINARIAS Y EQUIPOS DE EXPLOTACIÓN'),
('27231', 'COSTO DE ADQUISICION O CONSTRUCCION'),
('27232', 'REVALUACIÓN'),
('27233', 'COSTO DE FINANCIACION'),
('2724', 'EQUIPO DE TRANSPORTE'),
('27241', 'COSTO'),
('27242', 'REVALUACIÓN'),
('2725', 'MUEBLES Y ENSERES'),
('27251', 'COSTO'),
('27252', 'REVALUACIÓN'),
('2726', 'EQUIPOS DIVERSOS'),
('27261', 'COSTO'),
('27262', 'REVALUACIÓN'),
('2727', 'HERRAMIENTAS Y UNIDADES DE REEMPLAZO'),
('27271', 'COSTO'),
('27272', 'REVALUACIÓN'),
('273', 'INTANGIBLES'),
('2731', 'CONCESIONES, LICENCIAS Y DERECHOS'),
('27311', 'COSTO'),
('27312', 'REVALUACIÓN'),
('2732', 'PATENTES Y PROPIEDAD INDUSTRIAL'),
('27321', 'COSTO'),
('27322', 'REVALUACIÓN'),
('2733', 'PROGRAMAS DE COMPUTADORA (SOFTWARE)'),
('27331', 'COSTO'),
('27332', 'REVALUACIÓN'),
('2734', 'COSTO DE EXPLORACION Y DESARROLLO'),
('27341', 'COSTO'),
('27342', 'REVALUACIÓN'),
('2735', 'FÓRMULAS, DISEÑOS Y PROTOTIPOS'),
('27351', 'COSTO'),
('27352', 'REVALUACIÓN'),
('2736', 'RESERVAS DE RECURSOS EXTRAÍBLES'),
('27361', 'COSTO'),
('2739', 'OTROS ACTIVOS INTANGIBLES'),
('27391', 'COSTO'),
('274', 'ACTIVOS BIOLÓGICOS'),
('2741', 'ACTIVOS BIOLÓGICOS EN PRODUCCIÓN'),
('27411', 'VALOR RAZONABLE'),
('27412', 'COSTO'),
('27413', 'COSTO DE FINANCIACION'),
('2742', 'ACTIVOS BIOLÓGICOS EN DESARROLLO'),
('27421', 'VALOR RAZONABLE'),
('27422', 'COSTO'),
('27423', 'COSTO DE FINANCIACION'),
('275', 'DEPRECIAION ACUMULADA - INVERSION INMOBILIARIA '),
('2752', 'EDIFICACIONES '),
('27521', 'VALOR RAZONABLE'),
('27522', 'COSTO'),
('27523', 'REVALUACIÓN'),
('276', 'DEPRECIAION ACUMULADA - INMUEBLE  MAQUINARIA Y EQUIPO '),
('2762', 'EDIFICACIONES '),
('27621', 'COSTO DE ADQUISICION O CONSTRUCCION'),
('27622', 'REVALUACIÓN'),
('27623', 'COSTO DE FINANCIACION'),
('2763', 'MAQUINARIAS Y EQUIPOS DE EXPLOTACIÓN'),
('27631', 'COSTO DE ADQUISICION O CONSTRUCCION'),
('27632', 'REVALUACIÓN'),
('27633', 'COSTO DE FINANCIACION'),
('2764', 'EQUIPOS E TRANSPORTE '),
('27641', 'COSTO '),
('27642', 'REVALUACIÓN'),
('2765', 'MUEBLES Y ENSERES'),
('27651', 'COSTO '),
('27652', 'REVALUACIÓN'),
('2766', 'EQUIPOS DIVERSOS '),
('27661', 'COSTO '),
('27662', 'REVALUACIÓN'),
('2767', 'HERRAMIENTAS Y UNIDADES DE REEMPLAZO'),
('27671', 'COSTO '),
('27672', 'REVALUACIÓN'),
('277', 'AMORTIZACION ACUMULADA - INTANGIBLES '),
('2771', 'CONCESIONES, LICENCIAS Y DERECHOS'),
('27711', 'COSTO '),
('27712', 'REVALUACIÓN'),
('2772', 'PATENTES Y PROPIEDAD INDUSTRIAL'),
('27721', 'COSTO '),
('27722', 'REVALUACIÓN'),
('2773', 'PROGRAMAS DE COMPUTADORA (SOFTWARE)'),
('27731', 'COSTO '),
('27732', 'REVALUACIÓN'),
('2774', 'COSTO DE EXPLORACION Y DESARROLLO'),
('27741', 'COSTO '),
('27742', 'REVALUACIÓN'),
('2775', 'FORMULAS DISEÑOS Y PROTOTIPOS'),
('27751', 'COSTO '),
('27752', 'REVALUACIÓN'),
('2776', 'RESERVAS DE RECURSOS EXTRAIBLES '),
('27761', 'COSTO '),
('27762', 'REVALUACIÓN'),
('2779', 'OTROS ACTIVOS '),
('27791', 'COSTO '),
('27792', 'REVALUACIÓN'),
('278', 'DEPRECIACION ACUMULADA - ACTIVOS BIOLOGICOS '),
('2781', 'ACTIVOS BIOLOGICOS EN PRODUCCION '),
('27812', 'COSTO '),
('2782', 'ACTIVOS BIOLOGICOS EN DESARROLLO'),
('27822', 'COSTO '),
('279', 'DESVALORIZACION ACUMULADA'),
('2791', 'INVERSION INMOBILIARIA'),
('27911', 'TERRENOS'),
('27912', 'EDIFICACIONES '),
('2793', 'INMUEBLES, MAQUINARIA Y EQUIPO'),
('27931', 'TERRENOS'),
('27932', 'EDIFICACIONES'),
('27933', 'MAQUINARIAS Y EQUIPOS DE EXPLOTACIÓN'),
('27934', 'EQUIPOS DE TRANSPORTE'),
('27935', 'MUEBLES Y ENSERES'),
('27936', 'EQUIPOS DIVERSOS '),
('27937', 'HERRAMIENTAS Y UNIDADES DE REEMPLAZO'),
('2794', 'INTANGIBLES '),
('27941', 'CONCESIONES, LICENCIAS Y DERECHOS'),
('27942', 'PATENTES Y PROPIEDAD INDUSTRIAL'),
('27943', 'PROGRAMAS DE COMPUTADORA (SOFTWARE)'),
('27944', 'COSTO DE EXPLORACION Y DESARROLLO'),
('27945', 'FORMULAS DISEÑOS Y PROTOTIPOS'),
('27946', 'RESERVAS DE RECURSOS EXTRAIBLES '),
('2795', 'ACTIVOS BIOLOGICOS '),
('27951', 'ACTIVOS BIOLOGICOS EN PRODUCCION '),
('27952', 'ACTIVOS BIOLOGICOS ES DESARROLLO'),
('28', 'EXISTENCIAS POR RECIBIR'),
('281', 'MERCADERÍAS'),
('284', 'MATERIAS PRIMAS'),
('285', 'MATERIALES AUXILIARES, SUMINISTROS Y REPUESTOS'),
('286', 'ENVASES Y EMBALAJES'),
('29', 'DESVALORIZACIÓN DE EXISTENCIAS'),
('291', 'MERCADERÍAS'),
('2911', 'MERCADERÍAS MANUFACTURADAS'),
('2912', 'MERCADERÍAS DE EXTRACCIÓN'),
('2913', 'MERCADERÍAS AGROPECUARIAS Y PISCÍCOLAS'),
('2914', 'MERCADERÍAS INMUEBLES'),
('2918', 'OTRAS MERCADERÍAS'),
('292', 'PRODUCTOS TERMINADOS'),
('2921', 'PRODUCTOS MANUFACTURADOS'),
('2922', 'PRODUCTOS DE EXTRACCIÓN TERMINADOS'),
('2923', 'PRODUCTOS AGROPECUARIOS Y PISCÍCOLAS TERMINADOS'),
('2924', 'PRODUCTOS INMUEBLES'),
('2925', 'EXISTENCIAS DE SERVICIOS TERMINADOS'),
('2927', 'OTROS PRODUCTOS TERMINADOS'),
('2928', 'COSTOS DE FINANCIACIÓN – PRODUCTOS TERMINADOS'),
('293', 'SUBPRODUCTOS, DESECHOS Y DESPERDICIOS'),
('2931', 'SUBPRODUCTOS'),
('2932', 'DESECHOS Y DESPERDICIOS'),
('294', 'PRODUCTOS EN PROCESO'),
('2941', 'PRODUCTOS EN PROCESO DE MANUFACTURA'),
('2942', 'PRODUCTOS EXTRAÍDOS EN PROCESO DE TRANSFORMACIÓN '),
('2943', 'PRODUCTOS AGROPECUARIOS Y PISCÍCOLAS EN PROCESO'),
('2944', 'PRODUCTOS INMUEBLES EN PROCESO'),
('2945', 'EXISTENCIAS DE SERVICIOS EN PROCESO'),
('2947', 'OTROS PRODUCTOS EN PROCESO'),
('2948', 'COSTOS DE FINANCIACIÓN – PRODUCTOS EN PROCESO'),
('295', 'MATERIAS PRIMAS'),
('2951', 'MATERIAS PRIMAS PARA PRODUCTOS MANUFACTURADOS'),
('2952', 'MATERIAS PRIMAS PARA PRODUCTOS DE EXTRACCIÓN'),
('2953', 'MATERIAS PRIMAS PARA PRODUCTOS AGROPECUARIOS Y PISCÍCOLAS'),
('2954', 'MATERIAS PRIMAS PARA PRODUCTOS INMUEBLES'),
('296', 'MATERIALES AUXILIARES, SUMINISTROS Y REPUESTOS'),
('2961', 'MATERIALES AUXILIARES'),
('2962', 'SUMINISTROS'),
('2963', 'REPUESTOS'),
('297', 'ENVASES Y EMBALAJES'),
('2971', 'ENVASES'),
('2972', 'EMBALAJES'),
('298', 'EXISTENCIAS POR RECIBIR'),
('2981', 'MERCADERÍAS'),
('2982', 'MATERIAS PRIMAS'),
('2983', 'MATERIALES AUXILIARES, SUMINISTROS Y REPUESTOS'),
('2984', 'ENVASES Y EMBALAJES'),
('30', 'INVERSIONES MOBILIARIAS'),
('301', 'INVERSIONES A SER MANTENIDAS HASTA EL VENCIMIENTO'),
('3011', 'INSTRUMENTOS FINANCIEROS REPRESENTATIVOS DE DEUDA'),
('30111', 'VALORES EMITIDOS O GARANTIZADOS POR EL ESTADO'),
('30112', 'VALORES EMITIDOS POR EL SISTEMA FINANCIERO'),
('30113', 'VALORES EMITIDOS POR LAS EMPRESAS'),
('30114', 'OTROS TÍTULOS REPRESENTATIVOS DE DEUDA'),
('302', 'INSTRUMENTOS FINANCIEROS REPRESENTATIVOS DE DERECHO PATRIMONIAL'),
('3021', 'CERTIFICADOS DE SUSCRIPCIÓN PREFERENTE'),
('3022', 'ACCIONES REPRESENTATIVAS DE CAPITAL SOCIAL - COMUNES'),
('30221', 'COSTO'),
('30222', 'VALOR RAZONABLE'),
('30223', 'PARTICIPACION PATRIMONIAL'),
('3023', 'ACCIONES REPRESENTATIVAS DE CAPITAL SOCIAL - PREFERENTES'),
('30231', 'COSTO'),
('30232', 'VALOR RAZONABLE'),
('30233', 'PARTICIPACION PATRIMONIAL'),
('3024', 'ACCIONES DE INVERSION'),
('30241', 'COSTO'),
('30242', 'VALOR RAZONABLE'),
('30243', 'PARTICIPACION PATRIMONIAL'),
('3025', 'CERTIFICADOS DE PARTICIPACIÓN DE FONDOS DE INVERSION '),
('30251', 'COSTO '),
('30252', 'VALOR RAZONABLE'),
('3026', 'CERTIFICADO DE PARTICIPACION EN FONDOS MUTUOS '),
('30261', 'COSTO '),
('30262', 'VALOR RAZONABLE'),
('3027', 'PARTICIPACIONES EN ASOCIACIONES EN PARTICIPACION Y CONSORCIOS '),
('30271', 'COSTO'),
('30272', 'VALOR RAZONABLE'),
('30273', 'PARTICIPACION PATRIMONIAL'),
('3028', 'OTROS TÍTULOS REPRESENTATIVOS DE PATRIMONIO'),
('30281', 'COSTO '),
('30282', 'VALOR RAZONABLE'),
('308', 'INVERSIONES MOVILIARIAS - ACUERDO DE COMPRA'),
('3081', 'INVERSIONES A SER MANTENIDAS HASTA EL VENCIMIENTO - ACUERDO DE COMPRA '),
('3082', 'INSTRUMENTOS FINANCIEROS REPRESENTATIVOS DE DERECHO PATRIMONIAL - ACUERDO DE COMPRA '),
('31', 'INVERSIONES INMOBILIARIAS'),
('311', 'TERRENOS'),
('3111', 'URBANOS'),
('31111', 'VALOR RAZONABLE'),
('31112', 'COSTO'),
('31113', 'REVALUACIÓN'),
('3112', 'RURALES'),
('31121', 'VALOR RAZONABLE'),
('31122', 'COSTO'),
('31123', 'REVALUACIÓN'),
('312', 'EDIFICACIONES'),
('3121', 'EDIFICACIONES'),
('31211', 'VALOR RAZONABLE'),
('31212', 'COSTO'),
('31213', 'REVALUACIÓN'),
('31214', 'COSTOS DE FINANCIACIÓN – INVERSIONES INMOBILIARIAS'),
('32', 'ACTIVOS ADQUIRIDOS EN ARRENDAMIENTO FINANCIERO'),
('321', 'INVERSIONES INMOBILIARIAS'),
('3211', 'TERRENOS'),
('3212', 'EDIFICACIONES'),
('322', 'INMUEBLES, MAQUINARIA Y EQUIPO'),
('3221', 'TERRENOS'),
('3222', 'EDIFICACIONES'),
('3223', 'MAQUINARIAS Y EQUIPOS DE EXPLOTACIÓN'),
('3224', 'EQUIPO DE TRANSPORTE'),
('3225', 'MUEBLES Y ENSERES'),
('3226', 'EQUIPOS DIVERSOS'),
('3227', 'HERRAMIENTAS Y UNIDADES DE REEMPLAZO'),
('33', 'INMUEBLES, MAQUINARIA Y EQUIPO'),
('331', 'TERRENOS'),
('3311', 'TERRENOS'),
('33111', 'COSTO'),
('33112', 'REVALUACIÓN'),
('332', 'EDIFICACIONES'),
('3321', 'EDIFICACIONES ADMINISTRATIVAS'),
('33211', 'COSTO DE ADQUISICIÓN O CONSTRUCCION'),
('33212', 'REVALUACIÓN'),
('33213', 'COSTO DE FINANCIACIÓN - EDIFICACIONES'),
('3322', 'ALMACENES'),
('33221', 'COSTO DE ADQUISICIÓN O CONSTRUCCION '),
('33222', 'REVALUACIÓN'),
('33223', 'COSTO DE FINANCIACIÓN - ALMACENES'),
('3323', 'EDIFICACIONES PARA PRODUCCIÓN'),
('33231', 'COSTO DE ADQUISICIÓN O CONTRUCCION '),
('33232', 'REVALUACIÓN'),
('33233', 'COSTO DE FINANCIACIÓN – EDIFICACIONES PARA PRODUCCIÓN'),
('3324', 'INSTALACIONES'),
('33241', 'COSTO DE ADQUISICIÓN O CONTRUCCION '),
('33242', 'REVALUACIÓN'),
('33243', 'COSTO DE FINANCIACIÓN – INSTALACIONES'),
('333', 'MAQUINARIAS Y EQUIPOS DE EXPLOTACIÓN'),
('3331', 'MAQUINARIAS Y EQUIPOS DE EXPLOTACIÓN'),
('33311', 'COSTO DE ADQUISICIÓN O CONSTRUCCION '),
('33312', 'REVALUACIÓN'),
('33313', 'COSTO DE FINANCIACIÓN – MAQUINARIAS Y EQUIPOS DE EXPLOTACIÓN'),
('334', 'EQUIPO DE TRANSPORTE'),
('3341', 'VEHÍCULOS MOTORIZADOS'),
('33411', 'COSTO'),
('33412', 'REVALUACIÓN'),
('3342', 'VEHÍCULOS NO MOTORIZADOS'),
('33421', 'COSTO'),
('33422', 'REVALUACIÓN'),
('335', 'MUEBLES Y ENSERES'),
('3351', 'MUEBLES'),
('33511', 'COSTO'),
('33512', 'REVALUACIÓN'),
('3352', 'ENSERES'),
('33521', 'COSTO'),
('33522', 'REVALUACIÓN'),
('336', 'EQUIPOS DIVERSOS'),
('3361', 'EQUIPO PARA PROCESAMIENTO DE INFORMACIÓN (DE CÓMPUTO)'),
('33611', 'COSTO'),
('33612', 'REVALUACIÓN'),
('3362', 'EQUIPO DE COMUNICACIÓN'),
('33621', 'COSTO'),
('33622', 'REVALUACIÓN'),
('3363', 'EQUIPO DE SEGURIDAD'),
('33631', 'COSTO'),
('33632', 'REVALUACIÓN'),
('3369', 'OTROS EQUIPOS'),
('33691', 'COSTO'),
('33692', 'REVALUACIÓN'),
('337', 'HERRAMIENTAS Y UNIDADES DE REEMPLAZO'),
('3371', 'HERRAMIENTAS'),
('33711', 'COSTO'),
('33712', 'REVALUACIÓN'),
('3372', 'UNIDADES DE REEMPLAZO'),
('33721', 'COSTO'),
('33722', 'REVALUACIÓN'),
('338', 'UNIDADES POR RECIBIR'),
('3381', 'MAQUINARIAS Y EQUIPOS DE EXPLOTACIÓN'),
('3382', 'EQUIPO DE TRANSPORTE'),
('3383', 'MUEBLES Y ENSERES'),
('3386', 'EQUIPOS DIVERSOS'),
('3387', 'HERRAMIENTAS Y UNIDADES DE REEMPLAZO'),
('339', 'CONSTRUCCIONES Y OBRAS EN CURSO'),
('3391', 'ADAPTACIÓN DE TERRENOS'),
('3392', 'CONSTRUCCIONES EN CURSO'),
('3393', 'MAQUINARIA EN MONTAJE'),
('3394', 'INVERSIÓN INMOBILIARIA EN CURSO'),
('3397', 'COSTO DE FINANCIACIÓN – INVERSIONES INMOBILIARIAS'),
('33971', 'COSTO DE FINANCIACIÓN - EDIFICACIONES'),
('3398', 'COSTO DE FINANCIACIÓN – INMUEBLES, MAQUINARIA Y EQUIPO'),
('33981', 'COSTO DE FINANCIACIÓN – EDIFICACIONES'),
('33982', 'COSTO DE FINANCIACIÓN – MAQUINARIAS Y EQUIPOS DE EXPLOTACIÓN'),
('3399', 'OTROS ACTIVOS EN CURSO'),
('34', 'INTANGIBLES'),
('341', 'CONCESIONES, LICENCIAS Y OTROS DERECHOS'),
('3411', 'CONCESIONES'),
('34111', 'COSTO'),
('34112', 'REVALUACIÓN'),
('3412', 'LICENCIAS'),
('34121', 'COSTO'),
('34122', 'REVALUACIÓN'),
('3419', 'OTROS DERECHOS'),
('34191', 'COSTO'),
('34192', 'REVALUACIÓN'),
('342', 'PATENTES Y PROPIEDAD INDUSTRIAL'),
('3421', 'PATENTES'),
('34211', 'COSTO'),
('34212', 'REVALUACIÓN'),
('3422', 'MARCAS'),
('34221', 'COSTO'),
('34222', 'REVALUACIÓN'),
('343', 'PROGRAMAS DE COMPUTADORA (SOFTWARE)'),
('3431', 'APLICACIONES INFORMÁTICAS'),
('34311', 'COSTO'),
('34312', 'REVALUACIÓN'),
('344', 'COSTOS DE EXPLORACIÓN Y DESARROLLO'),
('3441', 'COSTOS DE EXPLORACIÓN'),
('34411', 'COSTO'),
('34412', 'REVALUACION'),
('34413', 'COSTO DE FINANCIACION'),
('3442', 'COSTOS DE DESARROLLO'),
('34421', 'COSTO'),
('34422', 'REVALUACIÓN'),
('34423', 'COSTO DE FINANCIACION'),
('345', 'FÓRMULAS, DISEÑOS Y PROTOTIPOS'),
('3451', 'FÓRMULAS'),
('34511', 'COSTO'),
('34512', 'REVALUACIÓN'),
('3452', 'DISEÑOS Y PROTOTIPOS'),
('34521', 'COSTO'),
('34522', 'REVALUACIÓN'),
('346', 'RESERVAS DE RECURSOS EXTRAÍBLES'),
('3461', 'MINERALES'),
('34611', 'COSTO '),
('34612', 'REVALUACION'),
('3462', 'PETRÓLEO Y GAS'),
('34621', 'COSTO '),
('34622', 'REVALUACION'),
('3463', 'MADERA'),
('34631', 'COSTO '),
('34632', 'REVALUACION'),
('3469', 'OTROS RECURSOS EXTRAÍBLES'),
('34691', 'COSTO '),
('34692', 'REVALUACION'),
('347', 'PLUSVALÍA MERCANTIL'),
('3471', 'PLUSVALÍA MERCANTIL'),
('349', 'OTROS ACTIVOS INTANGIBLES'),
('3491', 'OTROS ACTIVOS INTANGIBLES'),
('34911', 'COSTO '),
('34912', 'REVALUACION'),
('35', 'ACTIVOS BIOLÓGICOS'),
('351', 'ACTIVOS BIOLÓGICOS EN PRODUCCIÓN'),
('3511', 'DE ORIGEN ANIMAL'),
('35111', 'VALOR RAZONABLE'),
('35112', 'COSTO'),
('35113', 'COSTO DE FINANCIACION'),
('3512', 'DE ORIGEN VEGETAL'),
('35121', 'VALOR RAZONABLE'),
('35122', 'COSTO'),
('35123', 'COSTO DE FINANCIACION'),
('352', 'ACTIVOS BIOLÓGICOS EN DESARROLLO'),
('3521', 'DE ORIGEN ANIMAL'),
('35211', 'VALOR RAZONABLE'),
('35212', 'COSTO'),
('35213', 'COSTO DE FINANCIACIÓN '),
('3522', 'DE ORIGEN VEGETAL'),
('35221', 'VALOR RAZONABLE'),
('35222', 'COSTO'),
('35223', 'COSTO DE FINANCIACIÓN '),
('36', 'DESVALORIZACIÓN DE ACTIVO INMOVILIZADO'),
('361', ' DESVALORIZACION DE INVERSIONES INMOBILIARIAS'),
('3611', 'TERRENOS'),
('3612', 'EDIFICACIONES'),
('36121', 'EDIFICACIONES - COSTO DE DE ADQUISICION O CONSTRUCCIÓN'),
('36122', 'EDIFICACIONES - COSTO DE FINANCIACIÓN'),
('363', 'DESVALORIZACION DE INMUEBLES, MAQUINARIA Y EQUIPO'),
('3631', 'TERRENOS'),
('3632', 'EDIFICACIONES'),
('36321', 'EDIFICACIONES - COSTO DE ADQUISICION O CONSTRUCCIÓN'),
('36322', 'EDIFICACIONES - COSTO DE FINANCIACIÓN'),
('3633', 'MAQUINARIAS Y EQUIPOS DE EXPLOTACIÓN'),
('36331', 'MAQUINARIAS Y EQUIPOS DE EXPLOTACIÓN - COSTO DE ADQUISICION O CONSTRUCCIÓN'),
('36332', 'MAQUINARIAS Y EQUIPOS DE EXPLOTACIÓN - COSTO DE FINANCIACIÓN'),
('3634', 'EQUIPO DE TRANSPORTE'),
('3635', 'MUEBLES Y ENSERES'),
('3636', 'EQUIPOS DIVERSOS'),
('3637', 'HERRAMIENTAS Y UNIDADES DE REEMPLAZO'),
('364', 'DESVALORIZAACION DE INTANGIBLES'),
('3641', 'CONCESIONES, LICENCIAS Y OTROS DERECHOS'),
('3642', 'PATENTES Y PROPIEDAD INDUSTRIAL'),
('3643', 'PROGRAMAS DE COMPUTADORA (SOFTWARE)'),
('3644', 'COSTOS DE EXPLORACIÓN Y DESARROLLO'),
('36441', 'COSTO '),
('36442', 'COSTO DE FINANCIACION'),
('3645', 'FÓRMULAS, DISEÑOS Y PROTOTIPOS'),
('3647', 'PLUSVALÍA MERCANTIL'),
('3649', 'OTROS ACTIVOS INTANGIBLES'),
('365', 'DESVALORIZACION DE ACTIVOS BIOLÓGICOS'),
('3651', 'ACTIVOS BIOLÓGICOS EN PRODUCCIÓN'),
('3652', 'ACTIVOS BIOLÓGICOS EN DESARROLLO'),
('36521', 'COSTO'),
('36522', 'COSTO DE FINANCIACIÓN'),
('366', 'DESVALORIZACION DE INVERSIONES INMOBOLIARIAS '),
('3661', 'INVERSIONES A SER MANTENIDAS HASTA EL VENCIMIENTO '),
('3662', 'INVERSIONES FINANCERAS REPRESENTATIVAS DE DERECHO PATRIMONIAL'),
('37', 'ACTIVO DIFERIDO'),
('371', 'IMPUESTO A LA RENTA DIFERIDO'),
('3711', 'IMPUESTO A LA RENTA DIFERIDO - PATRIMONIO'),
('3712', 'IMPUESTO A LA RENTA DIFERIDO - RESUSLTADOS '),
('372', 'PARTICIPACIONES DE LOS TRABAJADORES DIFERIDAS '),
('3721', 'PARTICIPACIONES DE LOS TRABAJADORES DIFERIDAS - PATRIMONIO'),
('3722', 'PARTICIPACIONES DE LOS TRABAJADORES DIFERIDAS - RESULTADOS'),
('373', 'INTERESES DIFERIDOS'),
('3731', 'INTERESES NO DEVENGADOS EN TRANSACCIONES CON TERCEROS'),
('3732', 'INTERESES NO DEVENGADOS EN MEDICIÓN A VALOR DESCONTADO'),
('37362', 'REVALUACIÓN'),
('37392', 'REVALUACIÓN'),
('38', 'OTROS ACTIVOS'),
('381', 'BIENES DE ARTE Y CULTURA'),
('3811', 'OBRAS DE ARTE'),
('3812', 'BIBLIOTECA'),
('3813', 'OTROS'),
('382', 'DIVERSOS'),
('3821', 'MONEDAS Y JOYAS'),
('3822', 'BIENES ENTREGADOS EN COMODATO'),
('3823', 'BIENES RECIBIDOS EN PAGO (ADJUDICADOS Y REALIZABLES)'),
('3829', 'OTROS'),
('39', 'DEPRECIACIÓN, AMORTIZACIÓN Y AGOTAMIENTO ACUMULADOS'),
('391', 'DEPRECIACIÓN ACUMULADA'),
('3911', 'INVERSIONES INMOBILIARIAS'),
('39111', 'EDIFICACIONES - COSTO DE ADQUISICIÓN O CONSTRUCCIÓN'),
('39112', 'EDIFICACIONES - REVALUACIÓN'),
('39113', 'EDIFICACIONES - COSTO DE FINANCIACIÓN'),
('3912', 'ACTIVOS ADQUIRIDOS EN ARRENDAMIENTO FINANCIERO'),
('39121', 'INVERSIONES INMOBILIARIAS - EDIFICACIONES'),
('39122', 'INMUEBLES, MAQUINARIA Y EQUIPO - EDIFICACIONES'),
('39123', 'INMUEBLES, MAQUINARIA Y EQUIPO - MAQUINARIAS Y EQUIPOS DE EXPLOTACIÓN'),
('39124', 'INMUEBLES, MAQUINARIA Y EQUIPO - EQUIPOS DE TRANSPORTE'),
('39126', 'INMUEBLES, MAQUINARIA Y EQUIPO - EQUIPOS DIVERSOS'),
('3913', 'INMUEBLES, MAQUINARIA Y EQUIPO - COSTO'),
('39131', 'EDIFICACIONES'),
('39132', 'MAQUINARIAS Y EQUIPOS DE EXPLOTACIÓN'),
('39133', 'EQUIPO DE TRANSPORTE'),
('39134', 'MUEBLES Y ENSERES'),
('39135', 'EQUIPOS DIVERSOS'),
('39136', 'HERRAMIENTAS Y UNIDADES DE REEMPLAZO'),
('3914', 'INMUEBLES, MAQUINARIA Y EQUIPO - REVALUACIÓN'),
('39141', 'EDIFICACIONES'),
('39142', 'MAQUINARIAS Y EQUIPOS DE EXPLOTACIÓN'),
('39143', 'EQUIPO DE TRANSPORTE'),
('39144', 'MUEBLES Y ENSERES'),
('39145', 'EQUIPOS DIVERSOS'),
('39146', 'HERRAMIENTAS Y UNIDADES DE REEMPLAZO'),
('3915', 'INMUEBLES, MAQUINARIA Y EQUIPO – COSTO DE FINANCIACIÓN'),
('39151', 'EDIFICACIONES'),
('39152', 'MAQUINARIAS Y EQUIPOS DE EXPLOTACIÓN'),
('3916', 'ACTIVOS BIOLÓGICOS EN PRODUCCIÓN – COSTO'),
('39161', 'ACTIVOS BIOLÓGICOS DE ORIGEN ANIMAL'),
('39162', 'ACTIVOS BIOLÓGICOS DE ORIGEN VEGETAL'),
('3917', 'ACTIVOS BIOLÓGICOS EN PRODUCCIÓN – COSTO DE FINANCIACIÓN'),
('39171', 'ACTIVOS BIOLÓGICOS DE ORIGEN ANIMAL'),
('39172', 'ACTIVOS BIOLÓGICOS DE ORIGEN VEGETAL'),
('392', 'AMORTIZACIÓN ACUMULADA'),
('3921', 'INTANGIBLES - COSTO'),
('39211', 'CONCESIONES, LICENCIAS Y OTROS DERECHOS'),
('39212', 'PATENTES Y PROPIEDAD INDUSTRIAL'),
('39213', 'PROGRAMAS DE COMPUTADORA (SOFTWARE)'),
('39214', 'COSTOS DE EXPLORACIÓN Y DESARROLLO'),
('39215', 'FÓRMULAS, DISEÑOS Y PROTOTIPOS'),
('39219', 'OTROS ACTIVOS INTANGIBLES'),
('3922', 'INTANGIBLES - REVALUACIÓN'),
('39221', 'CONCESIONES, LICENCIAS Y OTROS DERECHOS'),
('39222', 'PATENTES Y PROPIEDAD INDUSTRIAL'),
('39223', 'PROGRAMAS DE COMPUTADORA (SOFTWARE)'),
('39224', 'COSTO DE EXPLORACION Y DESARROLLO'),
('39225', 'FÓRMULAS, DISEÑOS Y PROTOTIPOS'),
('39229', 'OTROS ACTIVOS INTANGIBLES'),
('3923', 'INTAGIBLES - COSTO DE FINANCIACION '),
('39234', 'COSTO DE EXPLORACION Y DESARROLLO'),
('393', 'AGOTAMIENTO ACUMULADO'),
('3931', 'AGOTAMIENTO DE RESERVAS DE RECURSOS EXTRAÍBLES'),
('40', 'TRIBUTOS Y APORTES AL SISTEMA DE PENSIONES Y DE SALUD POR PAGAR'),
('401', 'GOBIERNO CENTRAL'),
('4011', 'IMPUESTO GENERAL A LAS VENTAS'),
('40111', 'IGV - CUENTA PROPIA'),
('40112', 'IGV - SERVICIOS PRESTADOS POR NO DOMICILIADOS'),
('40113', 'IGV - RÉGIMEN DE PERCEPCIONES'),
('40114', 'IGV - RÉGIMEN DE RETENCIONES'),
('4012', 'IMPUESTO SELECTIVO AL CONSUMO'),
('4015', 'DERECHOS ADUANEROS'),
('40151', 'DERECHOS ARANCELARIOS'),
('40152', 'DERECHOS ADUANEROS POR VENTAS'),
('4017', 'IMPUESTO A LA RENTA'),
('40171', 'RENTA DE TERCERA CATEGORÍA'),
('40172', 'RENTA DE CUARTA CATEGORÍA'),
('40173', 'RENTA DE QUINTA CATEGORÍA'),
('40174', 'RENTA DE NO DOMICILIADOS'),
('40175', 'OTRAS RETENCIONES'),
('4018', 'OTROS IMPUESTOS Y CONTARPRESTACIONE '),
('40181', 'IMPUESTO A LAS TRANSACCIONES FINANCIERAS'),
('40182', 'IMPUESTO A LOS JUEGOS DE CASINO Y TRAGAMONEDAS'),
('40183', 'TASAS POR LA PRESTACIÓN DE SERVICIOS PÚBLICOS'),
('40184', 'REGALÍAS'),
('40185', 'IMPUESTO A LOS DIVIDENDOS'),
('40186', 'IMPUESTO TEMPORAL A LOS ACTIVOS NETOS '),
('40189', 'OTROS IMPUESTOS    '),
('402', 'CERTIFICADOS TRIBUTARIOS'),
('403', 'INSTITUCIONES PÚBLICAS'),
('4031', 'ESSALUD'),
('4032', 'ONP'),
('4033', 'CONTRIBUCIÓN AL SENATI'),
('4034', 'CONTRIBUCIÓN AL SENCICO'),
('4039', 'OTRAS INSTITUCIONES'),
('405', 'GOBIERNOS REGIONALES'),
('406', 'GOBIERNOS LOCALES'),
('4061', 'IMPUESTOS'),
('40611', 'IMPUESTO AL PATRIMONIO VEHICULAR'),
('40612', 'IMPUESTO A LAS APUESTAS'),
('40613', 'IMPUESTO A LOS JUEGOS'),
('40614', 'IMPUESTO DE ALCABALA'),
('40615', 'IMPUESTO PREDIAL'),
('40616', 'IMPUESTO A LOS ESPECTÁCULOS PÚBLICOS NO DEPORTIVOS'),
('4062', 'CONTRIBUCIONES'),
('4063', 'TASAS'),
('40631', 'LICENCIA DE APERTURA DE ESTABLECIMIENTOS'),
('40632', 'TRANSPORTE PÚBLICO'),
('40633', 'ESTACIONAMIENTO DE VEHÍCULOS'),
('40634', 'SERVICIOS PÚBLICOS O ARBITRIOS'),
('40635', 'SERVICIOS ADMINISTRATIVOS O DERECHOS'),
('407', 'ADMINISTRADORAS DE FONDOS DE PENSIONES'),
('408', 'EMPRESAS PRESTADORAS DE SERVICIOS DE SALUD'),
('4081', 'CUENTA PROPIA'),
('4082', 'CUENTA DE TERCEROS'),
('409', 'OTROS COSTOS ADMINISTRATIVOS E INTERESES'),
('41', 'REMUNERACIONES Y PARTICIPACIONES POR PAGAR'),
('411', 'REMUNERACIONES POR PAGAR'),
('4111', 'SUELDOS Y SALARIOS POR PAGAR'),
('4112', 'COMISIONES POR PAGAR'),
('4113', 'REMUNERACIONES EN ESPECIE POR PAGAR'),
('4114', 'GRATIFICACIONES POR PAGAR'),
('4115', 'VACACIONES POR PAGAR'),
('413', 'PARTICIPACIÓN DE LOS TRABAJADORES POR PAGAR'),
('415', 'BENEFICIOS SOCIALES DE LOS TRABAJADORES POR PAGAR'),
('4151', 'COMPENSACIÓN POR TIEMPO DE SERVICIOS'),
('4152', 'ADELANTO DE COMPENSACIÓN POR TIEMPO DE SERVICIOS'),
('4153', 'PENSIONES Y JUBILACIONES'),
('419', 'OTRAS REMUNERACIONES Y PARTICIPACIONES POR PAGAR'),
('42', 'CUENTAS POR PAGAR COMERCIALES – TERCEROS'),
('421', 'FACTURAS, BOLETAS Y OTROS COMPROBANTES POR PAGAR'),
('4211', 'NO EMITIDAS'),
('4212', 'EMITIDAS'),
('422', 'ANTICIPOS A PROVEEDORES'),
('423', 'LETRAS POR PAGAR'),
('424', 'HONORARIOS POR PAGAR'),
('43', 'CUENTAS POR PAGAR COMERCIALES – RELACIONADAS'),
('431', 'FACTURAS, BOLETAS Y OTROS COMPROBANTES POR PAGAR'),
('4311', 'NO EMITIDAS'),
('43111', 'MATRIZ'),
('43112', 'SUBSIDIARIAS'),
('43113', 'ASOCIADAS'),
('43114', 'SUCURSALES'),
('43115', 'OTROS'),
('4312', 'EMITIDAS'),
('43121', 'MATRIZ'),
('43122', 'SUBSIDIARIAS'),
('43123', 'ASOCIADAS'),
('43124', 'SUCURSALES'),
('43125', 'OTROS'),
('432', 'ANTICIPOS OTORGADOS'),
('4321', 'ANTCIPOS OTORGADOS'),
('43211', 'MATRIZ'),
('43212', 'SUBSIDIARIAS'),
('43213', 'ASOCIADAS'),
('43214', 'SUCURSALES'),
('43215', 'OTROS'),
('433', 'LETRAS POR PAGAR'),
('4331', 'LETRAS POR PAGAR'),
('43311', 'MATRIZ'),
('43312', 'SUBSIDIARIAS'),
('43313', 'ASOCIADAS'),
('43314', 'SUCURSALES'),
('43315', 'OTROS'),
('434', 'HONORARIOS POR PAGAR'),
('4341', 'HONORARIOS POR PAGAR'),
('43411', 'MATRIZ'),
('43412', 'SUBSIDIARIAS'),
('43413', 'ASOCIADAS'),
('43414', 'SUCURSALES'),
('43415', 'OTROS'),
('44', 'CUENTAS POR PAGAR A LOS ACCIONISTAS, DIRECTORES Y GERENTES'),
('441', 'ACCIONISTAS (O SOCIOS)'),
('4411', 'PRÉSTAMOS'),
('4412', 'DIVIDENDOS'),
('4419', 'OTRAS CUENTAS POR PAGAR'),
('442', 'DIRECTORES'),
('4421', 'DIETAS'),
('4429', 'OTRAS CUENTAS POR PAGAR'),
('443', 'GERENTES'),
('45', 'OBLIGACIONES FINANCIERAS'),
('451', 'PRÉSTAMOS DE INSTITUCIONES FINANCIERAS Y OTRAS ENTIDADES'),
('4511', 'INSTITUCIONES FINANCIERAS'),
('4512', 'OTRAS ENTIDADES'),
('452', 'CONTRATOS DE ARRENDAMIENTO FINANCIERO'),
('453', 'OBLIGACIONES EMITIDAS'),
('4531', 'BONOS EMITIDOS '),
('4532', 'BONOS TITULIZADOS'),
('4533', 'PAPELES COMERCIALES'),
('4539', 'OTRAS OBLIGACIONES   '),
('454', 'OTROS INSTRUMENTOS FINANCIEROS POR PAGAR'),
('4541', 'LETRAS'),
('4542', 'PAPELES COMERCIALES'),
('4543', 'BONOS'),
('4544', 'PAGARÉS'),
('4545', 'FACTURAS CONFORMADAS'),
('4549', 'OTRAS OBLIGACIONES FINANCIERAS'),
('455', 'COSTOS DE FINANCIACIÓN POR PAGAR'),
('4551', 'PRÉSTAMOS DE INSTITUCIONES FINANCIERAS Y OTRAS ENTIDADES'),
('45511', 'INSTITUCIONES FINANCIERAS'),
('45512', 'OTRAS ENTIDADES'),
('4552', 'CONTRATOS DE ARRENDAMIENTO FINANCIERO'),
('4553', 'OBLIGACIONES EMITIDAS'),
('45531', 'BONOS EMITIDOS '),
('45532', 'BONOS TITULIZADOS'),
('45533', 'PAPELES COMERCIALES'),
('45539', 'OTRAS OBLIGACIONES   '),
('4554', 'OTROS INSTRUMENTOS FINANCIEROS POR PAGAR'),
('45541', 'LETRAS'),
('45542', 'PAPELES COMERCIALES'),
('45543', 'BONOS'),
('45544', 'PAGARÉS'),
('45545', 'FACTURAS CONFORMADAS'),
('45549', 'OTRAS OBLIGACIONES FINANCIERAS'),
('456', 'PRÉSTAMOS CON COMPROMISOS DE RECOMPRA'),
('46', 'CUENTAS POR PAGAR DIVERSAS – TERCEROS'),
('461', 'RECLAMACIONES DE TERCEROS'),
('464', 'PASIVOS POR INSTRUMENTOS FINANCIEROS DERIVADOS'),
('4641', 'INSTRUMENTOS FINANCEROS PRIMARIOS'),
('4642', 'INSTRUMENTOS FIANNCIEROS DERIVADOS '),
('46421', 'CARTERA DE NEGOCIACION  '),
('46422', 'INSTRUMENTOS DE COERTURA '),
('465', 'PASIVOS POR COMPRA DE ACTIVO INMOVILIZADO'),
('4651', 'INVESIONES MOVILIARIAS'),
('4652', 'INVERSIONES INMOBILIARIAS'),
('4653', 'ACTIVOS ADQUIRIDOS EN ARRENDAMIENTO FINANCIERO'),
('4654', 'INMUEBLE MAQUINARIAS Y EQUIPOS '),
('4655', 'INTANGIBLES'),
('4656', 'ACTIVOS BIOLOGICOS'),
('467', 'DEPÓSITOS RECIBIDOS EN GARANTÍA'),
('469', 'OTRAS CUENTAS POR PAGAR DIVERSAS'),
('4691', 'SUBSIDIOS GUBERNAMENTALES'),
('4692', 'DONACIONES CONDICIONADAS'),
('4699', 'OTRAS CUENTAS POR PAGAR '),
('47', 'CUENTAS POR PAGAR DIVERSAS – RELACIONADAS'),
('471', 'PRÉSTAMOS'),
('4711', 'MATRIZ'),
('4712', 'SUBSIDIARIAS'),
('4713', 'ASOCIADAS'),
('4714', 'SUCURSALES'),
('4715', 'OTRAS'),
('472', 'COSTOS DE FINANCIACIÓN'),
('4721', 'MATRIZ'),
('4722', 'SUBSIDIARIAS'),
('4723', 'ASOCIADAS'),
('4724', 'SUCURSALES'),
('4725', 'OTRAS'),
('473', 'ANTICIPOS RECIBIDOS'),
('4731', 'MATRIZ'),
('4732', 'SUBSIDIARIAS'),
('4733', 'ASOCIADAS'),
('4734', 'SUCURSALES'),
('4735', 'OTRAS'),
('474', 'REGALÍAS'),
('4741', 'MATRIZ'),
('4742', 'SUBSIDIARIAS'),
('4743', 'ASOCIADAS'),
('4744', 'SUCURSALES'),
('4745', 'OTRAS'),
('475', 'DIVIDENDOS'),
('4751', 'MATRIZ'),
('4752', 'SUBSIDIARIAS'),
('4753', 'ASOCIADAS'),
('4754', 'SUCURSALES'),
('4755', 'OTRAS'),
('477', 'PASIVO POR COMPRA DE ACTIVO INMOVILIZADO'),
('4771', 'INVERSIONES MOBILIARIAS   '),
('47711', 'MATRIZ'),
('47712', 'SUBSIDIARIAS'),
('47713', 'ASOCIADAS'),
('47714', 'SUCURSALES'),
('47715', 'OTRAS'),
('4772', 'INVERSIONES INMOBILIARIAS'),
('47721', 'MATRIZ'),
('47722', 'SUBSIDIARIAS'),
('47723', 'ASOCIADAS'),
('47724', 'SUCURSALES'),
('47725', 'OTRAS'),
('4773', 'ACTIVOS ADQUIRIDOS EN ARRENDAMIENTO FINANCIERO'),
('47731', 'MATRIZ'),
('47732', 'SUBSIDIARIAS'),
('47733', 'ASOCIADAS'),
('47734', 'SUCURSALES'),
('47735', 'OTRAS'),
('4774', 'INMUEBLE MAQUINARIAS Y EQUIPOS '),
('47741', 'MATRIZ'),
('47742', 'SUBSIDIARIAS'),
('47743', 'ASOCIADAS'),
('47744', 'SUCURSALES'),
('47745', 'OTRAS'),
('4775', 'INTANGIBLES'),
('47751', 'MATRIZ'),
('47752', 'SUBSIDIARIAS'),
('47753', 'ASOCIADAS'),
('47754', 'SUCURSALES'),
('47755', 'OTRAS'),
('4776', 'ACTIVOS BIOLOGICOS'),
('47761', 'MATRIZ'),
('47762', 'SUBSIDIARIAS'),
('47763', 'ASOCIADAS'),
('47764', 'SUCURSALES'),
('47765', 'OTRAS'),
('479', 'OTRAS CUENTAS POR PAGAR DIVERSAS'),
('4791', 'OTRAS CUENTAS POR PAGAR DIVERSAS'),
('47911', 'MATRIZ'),
('47912', 'SUBSIDIARIAS'),
('47913', 'ASOCIADAS'),
('47914', 'SUCURSALES'),
('47915', 'OTRAS'),
('48', 'PROVISIONES'),
('481', 'PROVISIÓN PARA LITIGIOS'),
('482', 'PROVISIÓN POR DESMANTELAMIENTO, RETIRO O REHABILITACIÓN DEL INMOVILIZADO'),
('483', 'PROVISIÓN PARA REESTRUCTURACIONES'),
('484', 'PROVISIÓN PARA PROTECCIÓN Y REMEDIACIÓN DEL MEDIO AMBIENTE'),
('485', 'PROVISIÓN PARA GASTOS DE RESPONSABILIDAD SOCIAL'),
('489', 'OTRAS PROVISIONES'),
('49', 'PASIVO DIFERIDO'),
('491', 'IMPUESTO A LA RENTA DIFERIDO'),
('4911', 'IMPUESTO A LA RENTA DIFERIDO - PATRIMONIO'),
('4912', 'IMPUESTO A LA RENTA DIFERIDO - RESULTADOS'),
('492', 'PARTICIPACIONES DE LOS TRABAJADORES DIFERIDAS'),
('4921', 'PARTICIPACIONES DE LOS TRABAJADORES DIFERIDAS - PATRIMONIO'),
('4922', 'PARTICIPACIONES DE LOS TRABAJADORES DIFERIDAS - RESULTADOS'),
('493', 'INTERESES DIFERIDOS'),
('4931', 'INTERESES NO DEVENGADOS EN TRANSACCIONES CON TERCEROS'),
('4932', 'INTERESES NO DEVENGADOS EN MEDICIÓN A VALOR DESCONTADO'),
('494', 'GANANCIA EN VENTA CON ARRENDAMIENTO FINANCIERO PARALELO'),
('495', 'SUBSIDIOS RECIBIDOS DIFERIDOS'),
('496', 'INGRESOS DIFERIDOS'),
('497', 'COSTOS DIFERIDOS'),
('50', 'CAPITAL'),
('501', 'CAPITAL SOCIAL'),
('5011', 'ACCIONES'),
('5012', 'PARTICIPACIONES'),
('502', 'ACCIONES EN TESORERÍA'),
('51', 'ACCIONES DE INVERSIÓN'),
('511', 'ACCIONES DE INVERSIÓN'),
('512', 'ACCIONES DE INVERSIÓN EN TESORERÍA'),
('52', 'CAPITAL ADICIONAL'),
('521', 'PRIMAS (DESCUENTO) DE ACCIONES'),
('522', 'CAPITALIZACIONES EN TRÁMITE'),
('5221', 'APORTES'),
('5222', 'RESERVAS'),
('5223', 'ACREENCIAS'),
('5224', 'UTILIDADES'),
('523', 'REDUCCIONES DE CAPITAL PENDIENTES DE FORMALIZACIÓN'),
('56', 'RESULTADOS NO REALIZADOS'),
('561', 'DIFERENCIA EN CAMBIO DE INVERSIONES PERMANENTES EN ENTIDADES EXTRANJERAS'),
('562', 'INSTRUMENTOS FINANCIEROS – COBERTURA DE FLUJO DE EFECTIVO'),
('563', 'GANANCIA O PÉRDIDA EN ACTIVOS O PASIVOS FINANCIEROS DISPONIBLES PARA LA VENTA'),
('5631', 'GANANCIA'),
('5632', 'PÉRDIDA'),
('564', 'GANANCIA O PÉRDIDA EN ACTIVOS O PASIVOS FINANCIEROS DISPONIBLES PARA LA VENTA - COMPRA O VENTA CONVENCIONAL FECHA DE LIQUIDACION'),
('5641', 'GANANCIA'),
('5642', 'PÉRDIDA'),
('57', 'EXCEDENTE DE REVALUACIÓN'),
('571', 'EXCEDENTE DE REVALUACIÓN'),
('5711', 'INVERSIONES INMOBILIARIAS'),
('5712', 'INMUEBLES, MAQUINARIA Y EQUIPOS'),
('5713', 'INTANGIBLES'),
('572', 'EXCEDENTE DE REVALUACIÓN – ACCIONES LIBERADAS RECIBIDAS'),
('573', 'PARTICIPACIÓN EN EXCEDENTE DE REVALUACIÓN – INVERSIONES EN ENTIDADES RELACIONADAS'),
('58', 'RESERVAS'),
('581', 'REINVERSIÓN'),
('582', 'LEGAL'),
('583', 'CONTRACTUALES'),
('584', 'ESTATUTARIAS'),
('585', 'FACULTATIVAS'),
('589', 'OTRAS RESERVAS'),
('59', 'RESULTADOS ACUMULADOS'),
('591', 'UTILIDADES NO DISTRIBUIDAS'),
('5911', 'UTILIDADES ACUMULADAS'),
('5912', 'INGRESOS DE AÑOS ANTERIORES'),
('592', 'PÉRDIDAS ACUMULADAS'),
('5921', 'PÉRDIDAS ACUMULADAS'),
('5922', 'GASTOS DE AÑOS ANTERIORES'),
('60', 'COMPRAS'),
('601', 'MERCADERÍAS'),
('6011', 'MERCADERÍAS MANUFACTURADAS'),
('6012', 'MERCADERÍAS DE EXTRACCIÓN'),
('6013', 'MERCADERÍAS AGROPECUARIAS Y PISCÍCOLAS'),
('6014', 'MERCADERÍAS INMUEBLES'),
('6018', 'OTRAS MERCADERÍAS'),
('602', 'MATERIAS PRIMAS'),
('6021', 'MATERIAS PRIMAS PARA PRODUCTOS MANUFACTURADOS'),
('6022', 'MATERIAS PRIMAS PARA PRODUCTOS DE EXTRACCIÓN'),
('6023', 'MATERIAS PRIMAS PARA PRODUCTOS PARA PRODUCTOS AGROPECUARIOS Y PISCÍCOLAS'),
('6024', 'MATERIAS PRIMAS PARA PRODUCTOS INMUEBLES'),
('603', 'MATERIALES AUXILIARES, SUMINISTROS Y REPUESTOS'),
('6031', 'MATERIALES AUXILIARES'),
('6032', 'SUMINISTROS'),
('6033', 'REPUESTOS'),
('604', 'ENVASES Y EMBALAJES'),
('6041', 'ENVASES'),
('6042', 'EMBALAJES'),
('609', 'COSTOS VINCULADOS CON LAS COMPRAS'),
('6091', 'COSTOS VINCULADOS CON LAS COMPRAS DE MERCADERÍAS'),
('60911', 'TRANSPORTE'),
('60912', 'SEGUROS'),
('60913', 'DERECHOS ADUANEROS'),
('60914', 'COMISIONES'),
('60919', 'OTROS COSTOS VINCULADOS CON LAS COMPRAS DE MERCADERÍAS'),
('6092', 'COSTOS VINCULADOS CON LAS COMPRAS DE MATERIAS PRIMAS'),
('60921', 'TRANSPORTE'),
('60922', 'SEGUROS'),
('60923', 'DERECHOS ADUANEROS'),
('60924', 'COMISIONES'),
('60925', 'OTROS COSTOS VINCULADOS CON LAS COMPRAS DE MATERIALES'),
('6093', 'COSTOS VINCULADOS CON LAS COMPRAS DE MATERIALES, SUMINISTROS Y REPUESTOS'),
('60931', 'TRANSPORTE'),
('60932', 'SEGUROS'),
('60933', 'DRECHOS ADUANEROS   '),
('60934', 'COMISIONES'),
('60935', 'OTROS COSTOS VINCULADOS CON LAS COMPRAS DE MATERIALES, SUMINISTROS Y REPUESTOS'),
('6094', 'COSTOS VINCULADOS CON LAS COMPRAS DE ENVASES Y EMBALAJES'),
('60941', 'TRANSPORTE'),
('60942', 'SEGUROS'),
('60943', 'DRECHOS ADUANEROS   '),
('60944', 'COMISIONES'),
('60945', 'OTROS COSTOS VINCULADOS CON LAS COMPRAS DE MATERIALES, SUMINISTROS Y REPUESTOS'),
('61', 'VARIACIÓN DE EXISTENCIAS'),
('611', 'MERCADERÍAS'),
('6111', 'MERCADERÍAS MANUFACTURADAS'),
('6112', 'MERCADERÍAS DE EXTRACCIÓN'),
('6113', 'MERCADERÍAS AGROPECUARIAS Y PISCÍCOLAS'),
('6114', 'MERCADERÍAS INMUEBLES'),
('6115', 'OTRAS MERCADERÍAS'),
('612', 'MATERIAS PRIMAS'),
('6121', 'MATERIAS PRIMAS PARA PRODUCTOS MANUFACTURADOS'),
('6122', 'MATERIAS PRIMAS PARA PRODUCTOS DE EXTRACCIÓN'),
('6123', 'MATERIAS PRIMAS PARA PRODUCTOS PARA PRODUCTOS AGROPECUARIOS Y PISCÍCOLAS'),
('6124', 'MATERIAS PRIMAS PARA PRODUCTOS INMUEBLES'),
('613', 'MATERIALES AUXILIARES, SUMINISTROS Y REPUESTOS'),
('6131', 'MATERIALES AUXILIARES'),
('6132', 'SUMINISTROS'),
('6133', 'REPUESTOS'),
('614', 'ENVASES Y EMBALAJES'),
('6141', 'ENVASES'),
('6142', 'EMBALAJES'),
('62', 'GASTOS DE PERSONAL, DIRECTORES Y GERENTES'),
('621', 'REMUNERACIONES'),
('6211', 'SUELDOS Y SALARIOS'),
('6212', 'COMISIONES'),
('6213', 'REMUNERACIONES EN ESPECIE'),
('6214', 'GRATIFICACIONES'),
('6215', 'VACACIONES'),
('622', 'OTRAS REMUNERACIONES'),
('623', 'INDEMNIZACIONES AL PERSONAL'),
('624', 'CAPACITACIÓN'),
('625', 'ATENCIÓN AL PERSONAL'),
('626', 'GERENTES'),
('627', 'SEGURIDAD Y PREVISIÓN SOCIAL Y OTRAS CONTRIBUCIONES '),
('6271', 'RÉGIMEN DE PRESTACIONES DE SALUD'),
('6272', 'RÉGIMEN DE PENSIONES'),
('6273', 'SEGURO COMPLEMENTARIO DE TRABAJO DE RIESGO, ACCIDENTES DE TRABAJO Y ENFERMEDADES PROFESIONALES'),
('6274', 'SEGURO DE VIDA'),
('6275', 'SEGUROS PARTICULARES DE PRESTACIONES DE SALUD - EPS Y OTROS PARTICULARES'),
('6276', 'CAJA DE BENEFICIOS DE SEGURIDAD SOCIAL DEL PESCADOR'),
('6277', 'CONTRIBUCIONES A SENCICO Y SENATI'),
('628', 'REMUNERACIONES AL DIRECTORIO'),
('629', 'BENEFICIOS SOCIALES DE LOS TRABAJADORES'),
('6291', 'COMPENSACIÓN POR TIEMPO DE SERVICIO'),
('6292', 'PENSIONES Y JUBILACIONES'),
('6293', 'OTROS BENEFICIOS POST-EMPLEO'),
('63', 'GASTOS DE SERVICIOS PRESTADOS POR TERCEROS'),
('631', 'TRANSPORTE, CORREOS Y GASTOS DE VIAJE'),
('6311', 'TRANSPORTE'),
('63111', 'DE CARGA'),
('63112', 'DE PASAJEROS'),
('6312', 'CORREOS'),
('6313', 'ALOJAMIENTO'),
('6314', 'ALIMENTACIÓN'),
('6315', 'OTROS GASTOS DE VIAJE '),
('632', 'ASESORIA Y CONSULTORIA'),
('6321', 'ADMINISTRATIVA '),
('6322', 'LEGAL Y TRIBUTARIA'),
('6323', 'AUDITORIA Y CONTABLE '),
('6324', 'MERCADOTECNIA'),
('6325', 'MEDIOAMBIENTAL'),
('6326', 'INVESTIGACIOON Y DESARROLLLO'),
('6327', 'PRODUCCION'),
('6329', 'OTROS '),
('633', 'PRODUCCIÓN ENCARGADA A TERCEROS'),
('634', 'MANTENIMIENTO Y REPARACIONES'),
('6341', 'INVERSIONES INMOBILIARIAS'),
('6342', 'ACTIVOS ADQUIRIDOS EN ARRENDAMIENTO FINANCIERO'),
('6343', 'INMUEBLES, MAQUINARIA Y EQUIPO'),
('6344', 'INTANGIBLES'),
('6345', 'ACTIVOS BIOLOGICOS'),
('635', 'ALQUILERES'),
('6351', 'TERRENOS'),
('6352', 'EDIFICACIONES'),
('6353', 'MAQUINARIAS Y EQUIPOS DE EXPLOTACIÓN'),
('6354', 'EQUIPO DE TRANSPORTE'),
('6356', 'EQUIPOS DIVERSOS'),
('636', 'SERVICIOS BÁSICOS'),
('6361', 'ENERGÍA ELÉCTRICA'),
('6362', 'GAS'),
('6363', 'AGUA'),
('6364', 'TELÉFONO'),
('6365', 'INTERNET'),
('6366', 'RADIO'),
('6367', 'CABLE'),
('637', 'PUBLICIDAD, PUBLICACIONES, RELACIONES PÚBLICAS'),
('6371', 'PUBLICIDAD  '),
('6372', 'PUBLICACIONES '),
('6373', 'RELACIONES PUBLICAS '),
('638', 'SERVICIOS DE CONTRATISTAS'),
('639', 'OTROS SERVICIOS PRESTADOS POR TERCEROS'),
('6391', 'GASTOS BANCARIOS'),
('6392', 'GASTOS DE LABORATORIO'),
('64', 'GASTOS POR TRIBUTOS'),
('641', 'GOBIERNO CENTRAL'),
('6411', 'IMPUESTO GENERAL A LAS VENTAS'),
('6412', 'CÁNONES Y DERECHOS'),
('6413', 'IMPUESTO TEMPORAL A LOS ACTIVOS NETOS '),
('6414', 'IMPUESTO A LOS JUEGOS DE CASINO Y MAQUINAS TRAGAMONEDAS '),
('6415', 'REGALIAS MINERAS '),
('6416', 'CANONES '),
('6419', 'OTROS '),
('642', 'GOBIERNO REGIONAL '),
('643', 'GOBIERNO LOCAL'),
('6431', 'IMPUESTO PREDIAL'),
('6432', 'ARBITRIOS MUNICIPALES Y SEGURIDAD CIUDADANA'),
('6433', 'IMPUESTO AL PATRIMONIO VEHICULAR'),
('6434', 'LICENCIA DE FUNCIONAMIENTO '),
('6439', 'OTROS '),
('644', 'OTROS GASTOS POR TRIBUTOS '),
('6441', 'CONTRIBUCION A SENATI'),
('6442', 'CONTRIBUCION A SENCICO'),
('6443', 'OTRO '),
('65', 'OTROS GASTOS DE GESTIÓN'),
('651', 'SEGUROS'),
('652', 'REGALÍAS'),
('653', 'SUSCRIPCIONES'),
('654', 'LICENCIAS Y DERECHOS DE VIGENCIA'),
('655', 'COSTO NETO DE ENAJENACIÓN DE ACTIVOS INMOVILIZADOS Y OPERACIONES DISCONTINUADAS'),
('6551', 'COSTO NETO DE ENAJENACIÓN DE ACTIVOS INMOVILIZADOS'),
('65511', 'INVERSIONES INMOBILIARIAS'),
('65512', 'ACTIVOS ADQUIRIDOS EN ARRENDAMIENTO FINANCIERO'),
('65513', 'INMUEBLES, MAQUINARIA Y EQUIPO'),
('65514', 'INTANGIBLES'),
('65515', 'ACTIVOS BIOLÓGICOS'),
('6552', 'OPERACIONES DISCONTINUADAS - ABANDONO E ACTIVOS '),
('65521', 'INVERSIONES INMOBILIARIAS'),
('65522', 'ACTIVOS ADQUIRIDOS EN ARRENDAMIENTO FINANCIERO'),
('65523', 'INMUEBLE, MAQUINARIA Y EQUIPOS '),
('65524', 'INTANGIBLES'),
('65525', 'ACTIVOS BIOLOGICOS'),
('656', 'SUMINISTROS'),
('658', 'GESTIÓN MEDIOAMBIENTAL'),
('659', 'OTROS GASTOS DE GESTIÓN'),
('6591', 'DONACIONES'),
('6592', 'SANCIONES ADMINISTRATIVAS'),
('66', 'PÉRDIDA POR MEDICIÓN DE ACTIVOS NO FINANCIEROS AL VALOR RAZONABLE'),
('661', 'ACTIVO REALIZABLE'),
('6611', 'MERCADERÍAS'),
('6612', 'PRODUCTOS TERMINADOS '),
('6613', 'ACTIVOS NO CORRIENTES MANTENIDOS PARA LA VENTA'),
('66131', 'INVERSIONES INMOBILIARIAS'),
('66132', 'INMUEBLE, MAQUINARIA Y EQUIPOS '),
('66133', 'INTANGIBLES'),
('66134', 'ACTIVOS BIOLOGICOS'),
('662', 'ACTIVO INMOVILIZADO'),
('6621', 'INVERSIONES INMOBILIARIAS'),
('6622', 'ACTIVOS BIOLÓGICOS'),
('67', 'GASTOS FINANCIEROS'),
('671', 'GASTOS EN OPERACIONES DE ENDEUDAMIENTO Y OTROS'),
('6711', 'PRÉSTAMOS DE INSTITUCIONES FINANCIERAS Y OTRAS ENTIDADES'),
('6712', 'CONTRATOS DE ARRENDAMIENTO FINANCIERO'),
('6713', 'EMISIÓN Y COLOCACIÓN DE INSTRUMENTOS REPRESENTATIVOS DE DEUDA Y PATRIMONIO'),
('6714', 'DOCUMENTOS VENDIDOS O DESCONTADOS'),
('672', 'PÉRDIDA POR INSTRUMENTOS FINANCIEROS DERIVADOS'),
('673', 'INTERESES POR PRÉSTAMOS Y OTRAS OBLIGACIONES'),
('6731', 'PRÉSTAMOS DE INSTITUCIONES FINANCIERAS Y OTRAS ENTIDADES'),
('67311', 'INSTITUCIONES FINANCIERAS'),
('67312', 'OTRAS ENTIDADES'),
('6732', 'CONTRATOS DE ARRENDAMIENTO FINANCIERO'),
('6733', 'OTROS INSTRUMENTOS FINANCIEROS POR PAGAR'),
('6734', 'DOCUMENTOS VENDIDOS O DESCONTADOS'),
('6735', 'OBLIGACIONES EMITIDAS'),
('6736', 'OBLIGACIONES COMERCIALES'),
('6737', 'OBLIGACIONES TRIBUTARIAS'),
('675', 'DESCUENTOS CONCEDIDOS POR PRONTO PAGO'),
('676', 'DIFERENCIA DE CAMBIO'),
('677', 'PÉRDIDA POR MEDICIÓN DE ACTIVOS Y PASIVOS FINANCIEROS AL VALOR RAZONABLE'),
('679', 'OTROS GASTOS FINANCIEROS'),
('6791', 'PRIMAS POR OPCIONES'),
('6792', 'GASTOS FINANCIEROS EN MEDICIÓN A VALOR DESCONTADO'),
('68', 'VALUACIÓN Y DETERIORO DE ACTIVOS Y PROVISIONES'),
('681', 'DEPRECIACIÓN'),
('6811', 'DEPRECIACIÓN DE INVERSIONES INMOBILIARIAS'),
('68111', 'EDIFICACIONES - COSTO'),
('68112', 'EDIFICACIONES - REVALUACIÓN'),
('68113', 'EDIFICACIONES – COSTO DE FINANCIACIÓN'),
('6812', 'DEPRECIACIÓN DE ACTIVOS ADQUIRIDOS EN ARRENDAMIENTO FINANCIERO – INVERSIONES INMOBILIARIAS'),
('68121', 'EDIFICACIONES'),
('6813', 'DEPRECIACIÓN DE ACTIVOS ADQUIRIDOS EN ARRENDAMIENTO FINANCIERO'),
('68131', 'EDIFICACIONES'),
('68132', 'MAQUINARIAS Y EQUIPOS DE EXPLOTACIÓN'),
('68133', 'EQUIPO DE TRANSPORTE'),
('68134', 'EQUIPOS DIVERSOS'),
('6814', 'DEPRECIACIÓN DE INMUEBLES, MAQUINARIA Y EQUIPO – COSTO'),
('68141', 'EDIFICACIONES'),
('68142', 'MAQUINARIAS Y EQUIPOS DE EXPLOTACIÓN'),
('68143', 'EQUIPO DE TRANSPORTE'),
('68144', 'MUEBLES Y ENSERES'),
('68145', 'EQUIPOS DIVERSOS'),
('68146', 'HERRAMIENTAS Y UNIDADES DE REEMPLAZO'),
('6815', 'DEPRECIACIÓN DE INMUEBLES, MAQUINARIA Y EQUIPO – REVALUACIÓN'),
('68151', 'EDIFICACIONES'),
('68152', 'MAQUINARIAS Y EQUIPOS DE EXPLOTACIÓN'),
('68153', 'EQUIPO DE TRANSPORTE'),
('68154', 'MUEBLES Y ENSERES'),
('68155', 'EQUIPOS DIVERSOS'),
('68156', 'HERRAMIENTAS Y UNIDADES DE REEMPLAZO'),
('6816', 'DEPRECIACIÓN DE INMUEBLES, MAQUINARIA Y EQUIPO – COSTOS DE FINANCIACIÓN'),
('68161', 'EDIFICACIONES'),
('68162', 'MAQUINARIAS Y EQUIPOS DE EXPLOTACIÓN'),
('6817', 'DEPRECIACIÓN DE ACTIVOS BIOLÓGICOS EN PRODUCCIÓN – COSTO'),
('68171', 'ACTIVOS BIOLÓGICOS DE ORIGEN ANIMAL'),
('68172', 'ACTIVOS BIOLÓGICOS DE ORIGEN VEGETAL'),
('6818', 'DEPRECIACIÓN DE ACTIVOS BIOLÓGICOS EN PRODUCCIÓN – COSTO DE FINANCIACIÓN'),
('68181', 'ACTIVOS BIOLÓGICOS DE ORIGEN ANIMAL'),
('68182', 'ACTIVOS BIOLÓGICOS DE ORIGEN VEGETAL'),
('682', 'AMORTIZACIÓN DE INTANGIBLES'),
('6821', 'AMORTIZACIÓN DE INTANGIBLES ADQUIRIDOS – COSTO'),
('68211', 'CONCESIONES, LICENCIAS Y OTROS DERECHOS'),
('68212', 'PATENTES Y PROPIEDAD INDUSTRIAL'),
('68213', 'PROGRAMAS DE COMPUTADORA (SOFTWARE)'),
('68214', 'COSTOS DE EXPLORACIÓN Y DESARROLLO'),
('68215', 'FÓRMULAS, DISEÑOS Y PROTOTIPOS'),
('68219', 'OTROS ACTIVOS INTANGIBLES'),
('6822', 'AMORTIZACIÓN DE INTANGIBLES ADQUIRIDOS – REVALUACIÓN'),
('68221', 'CONCESIONES, LICENCIAS Y OTROS DERECHOS'),
('68222', 'PATENTES Y PROPIEDAD INDUSTRIAL'),
('68223', 'PROGRAMAS DE COMPUTADORA (SOFTWARE)'),
('68224', 'COSTOS DE EXPLORACIÓN Y DESARROLLO'),
('68225', 'FÓRMULAS, DISEÑOS Y PROTOTIPOS'),
('68229', 'OTROS ACTIVOS INTANGIBLES'),
('6823', 'AMORTIZACIÓN DE INTANGIBLES GENERADOS INTERNAMENTE – COSTO'),
('68231', 'CONCESIONES, LICENCIAS Y OTROS DERECHOS'),
('68232', 'PATENTES Y PROPIEDAD INDUSTRIAL'),
('68233', 'PROGRAMAS DE COMPUTADORA (SOFTWARE)'),
('68234', 'COSTOS DE EXPLORACIÓN Y DESARROLLO'),
('68235', 'FÓRMULAS, DISEÑOS Y PROTOTIPOS'),
('68239', 'OTROS ACTIVOS INTANGIBLES'),
('6824', 'AMORTIZACIÓN DE INTANGIBLES GENERADOS INTERNAMENTE – REVALUACIÓN'),
('68241', 'CONCESIONES, LICENCIAS Y OTROS DERECHOS'),
('68242', 'PATENTES Y PROPIEDAD INDUSTRIAL'),
('68243', 'PROGRAMAS DE COMPUTADORA (SOFTWARE)'),
('68244', 'COSTOS DE EXPLORACIÓN Y DESARROLLO'),
('68245', 'FÓRMULAS, DISEÑOS Y PROTOTIPOS'),
('68259', 'OTROS ACTIVOS INTANGIBLES'),
('683', 'AGOTAMIENTO'),
('6831', 'AGOTAMIENTO DE RECURSOS NATURALES ADQUIRIDOS'),
('684', 'VALUACIÓN DE ACTIVOS'),
('6841', 'ESTIMACIÓN DE CUENTAS DE COBRANZA DUDOSA'),
('6842', 'DESVALORIZACIÓN DE EXISTENCIAS'),
('6843', 'DESVALORIZACIÓN DE INVERSIONES MOBILIARIAS'),
('685', 'DETERIORO DEL VALOR DE LOS ACTIVOS'),
('6851', 'DESVALORIZACIÓN DE INVERSIONES INMOBILIARIAS'),
('68511', 'EDIFICACIONES');
INSERT INTO `plan_contable` (`codigo`, `descripcion`) VALUES
('6852', 'DESVALORIZACIÓN DE INMUEBLES MAQUINARIA Y EQUIPO'),
('68521', 'EDIFICACIONES'),
('68522', 'MAQUINARIAS Y EQUIPOS DE EXPLOTACIÓN'),
('68523', 'EQUIPO DE TRANSPORTE'),
('68524', 'MUEBLES Y ENSERES'),
('68525', 'EQUIPOS DIVERSOS'),
('68526', 'HERRAMIENTAS Y UNIDADES DE REEMPLAZO'),
('6853', 'DESVALORIZACIÓN DE INTANGIBLES'),
('68531', 'CONCESIONES, LICENCIAS Y OTROS DERECHOS'),
('68532', 'PATENTES Y PROPIEDAD INDUSTRIAL'),
('68533', 'PROGRAMAS DE COMPUTADORA (SOFTWARE)'),
('68534', 'COSTOS DE EXPLORACIÓN Y DESARROLLO'),
('68535', 'FÓRMULAS, DISEÑOS Y PROTOTIPOS'),
('68536', 'OTROS ACTIVOS INTANGIBLES'),
('6854', 'DESVALORIZACIÓN DE ACTIVOS BIOLÓGICOS EN PRODUCCIÓN'),
('68541', 'ACTIVOS BIOLÓGICOS DE ORIGEN ANIMAL'),
('68542', 'ACTIVOS BIOLÓGICOS DE ORIGEN VEGETAL'),
('686', 'PROVISIONES'),
('6861', 'PROVISIÓN PARA LITIGIOS'),
('68611', 'PROVISIÓN PARA LITIGIOS – COSTO'),
('68612', 'PROVISIÓN PARA LITIGIOS – ACTUALIZACIÓN FINANCIERA'),
('6862', 'PROVISIÓN POR DESMANTELAMIENTO, RETIRO O REHABILITACIÓN DEL INMOVILIZADO'),
('68621', 'PROVISIÓN POR DESMANTELAMIENTO, RETIRO O REHABILITACIÓN DEL INMOVILIZADO – COSTO'),
('68622', 'PROVISIÓN POR DESMANTELAMIENTO, RETIRO O REHABILITACIÓN DEL INMOVILIZADO – ACTUALIZACIÓN FINANCIERA'),
('6863', 'PROVISIÓN PARA REESTRUCTURACIONES'),
('6864', 'PROVISIÓN PARA PROTECCIÓN Y REMEDIACIÓN DEL MEDIO AMBIENTE'),
('6865', 'PROVISIÓN PARA GASTOS DE RESPONSABILIDAD SOCIAL'),
('6869', 'OTRAS PROVISIONES'),
('69', 'COSTO DE VENTAS'),
('691', 'MERCADERÍAS'),
('6911', 'MERCADERÍAS MANUFACTURADAS'),
('69111', 'TERCEROS'),
('69112', 'RELACIONADAS'),
('6912', 'MERCADERÍAS DE EXTRACCIÓN'),
('69121', 'TERCEROS'),
('69122', 'RELACIONADAS'),
('6913', 'MERCADERÍAS AGROPECUARIAS Y PISCÍCOLAS'),
('69131', 'TERCEROS'),
('69132', 'RELACIONADAS'),
('6914', 'MERCADERÍAS INMUEBLES'),
('69141', 'TERCEROS'),
('69142', 'RELACIONADAS'),
('6915', 'OTRAS MERCADERÍAS'),
('69151', 'TERCEROS'),
('69152', 'RELACIONADAS'),
('692', 'PRODUCTOS TERMINADOS'),
('6921', 'PRODUCTOS MANUFACTURADOS'),
('69211', 'TERCEROS'),
('69212', 'RELACIONADAS'),
('6922', 'PRODUCTOS DE EXTRACCIÓN TERMINADOS'),
('69221', 'TERCEROS'),
('69222', 'RELACIONADAS'),
('6923', 'PRODUCTOS AGROPECUARIOS Y PISCÍCOLAS TERMINADOS'),
('69231', 'TERCEROS'),
('69232', 'RELACIONADAS'),
('6924', 'PRODUCTOS INMUEBLES TERMINADOS'),
('69241', 'TERCEROS'),
('69242', 'RELACIONADAS'),
('6925', 'EXISTENCIAS DE SERVICIOS TERMINADOS'),
('69251', 'TERCEROS'),
('69252', 'RELACIONADAS'),
('6926', 'COSTOS DE FINANCIACIÓN – PRODUCTOS TERMINADOS'),
('69261', 'TERCEROS'),
('69262', 'RELACIONADAS'),
('693', 'SUBPRODUCTOS, DESECHOS Y DESPERDICIOS'),
('6931', 'SUBPRODUCTOS'),
('69311', 'TERCEROS'),
('69312', 'RELACIONADAS'),
('6932', 'DESECHOS Y DESPERDICIOS'),
('69321', 'TERCEROS'),
('69322', 'RELACIONADAS'),
('694', 'SERVICIOS'),
('6941', 'TERCEROS'),
('6942', 'RELACIONADAS'),
('70', 'VENTAS'),
('701', 'MERCADERÍAS'),
('7011', 'MERCADERÍAS MANUFACTURADAS'),
('70111', 'TERCEROS'),
('70112', 'RELACIONADAS'),
('7012', 'MERCADERÍAS DE EXTRACCIÓN'),
('70121', 'TERCEROS'),
('70122', 'RELACIONADAS'),
('7013', 'MERCADERÍAS AGROPECUARIAS Y PISCÍCOLAS'),
('70131', 'TERCEROS'),
('70132', 'RELACIONADAS'),
('7014', 'MERCADERÍAS INMUEBLES'),
('70141', 'TERCEROS'),
('70142', 'RELACIONADAS'),
('7015', 'MERCADERÍAS – OTRAS'),
('70151', 'TERCEROS'),
('70152', 'RELACIONADAS'),
('702', 'PRODUCTOS TERMINADOS'),
('7021', 'PRODUCTOS MANUFACTURADOS'),
('70211', 'TERCEROS'),
('70212', 'RELACIONADAS'),
('7022', 'PRODUCTOS DE EXTRACCIÓN TERMINADOS'),
('70221', 'TERCEROS'),
('70222', 'RELACIONADAS'),
('7023', 'PRODUCTOS AGROPECUARIOS Y PISCÍCOLAS TERMINADOS'),
('70231', 'TERCEROS'),
('70232', 'RELACIONADAS'),
('7024', 'PRODUCTOS INMUEBLES TERMINADOS'),
('70241', 'TERCEROS'),
('70242', 'RELACIONADAS'),
('7025', 'EXISTENCIAS DE SERVICIOS TERMINADOS'),
('70251', 'TERCEROS'),
('70252', 'RELACIONADAS'),
('703', 'SUBPRODUCTOS, DESECHOS Y DESPERDICIOS'),
('7031', 'SUBPRODUCTOS'),
('70311', 'TERCEROS'),
('70312', 'RELACIONADAS'),
('7032', 'DESECHOS Y DESPERDICIOS'),
('70321', 'TERCEROS'),
('70322', 'RELACIONADAS'),
('704', 'PRESTACIÓN DE SERVICIOS'),
('7041', 'TERCEROS'),
('7042', 'RELACIONADAS'),
('709', 'DEVOLUCIONES SOBRE VENTAS'),
('7091', 'MERCADERÍAS – TERCEROS'),
('70911', 'MERCADERÍAS MANUFACTURADAS'),
('70912', 'MERCADERÍAS DE EXTRACCIÓN'),
('70913', 'MERCADERÍAS AGROPECUARIAS Y PISCÍCOLAS'),
('70914', 'MERCADERÍAS INMUEBLES'),
('70915', 'MERCADERÍAS – OTRAS'),
('7092', 'MERCADERÍAS – RELACIONADAS'),
('70921', 'MERCADERÍAS MANUFACTURADAS'),
('70922', 'MERCADERÍAS DE EXTRACCIÓN'),
('70923', 'MERCADERÍAS AGROPECUARIAS Y PISCÍCOLAS'),
('70924', 'MERCADERÍAS INMUEBLES'),
('70925', 'MERCADERÍAS – OTRAS'),
('7093', 'PRODUCTOS TERMINADOS – TERCEROS'),
('70931', 'PRODUCTOS MANUFACTURADOS'),
('70932', 'PRODUCTOS DE EXTRACCIÓN TERMINADOS'),
('70933', 'PRODUCTOS AGROPECUARIOS Y PISCÍCOLAS TERMINADOS'),
('70934', 'PRODUCTOS INMUEBLES TERMINADOS'),
('70935', 'EXISTENCIAS DE SERVICIOS TERMINADOS'),
('7094', 'PRODUCTOS TERMINADOS – RELACIONADAS'),
('70941', 'PRODUCTOS MANUFACTURADOS'),
('70942', 'PRODUCTOS DE EXTRACCIÓN TERMINADOS'),
('70943', 'PRODUCTOS AGROPECUARIOS Y PISCÍCOLAS TERMINADOS'),
('70944', 'PRODUCTOS INMUEBLES TERMINADOS'),
('70945', 'EXISTENCIAS DE SERVICIOS TERMINADOS'),
('7095', 'SUBPRODUCTOS, DESECHOS Y DESPERDICIOS – TERCEROS'),
('70951', 'SUBPRODUCTOS'),
('70952', 'DESECHOS Y DESPERDICIOS'),
('7096', 'SUBPRODUCTOS, DESECHOS Y DESPERDICIOS – RELACIONADAS'),
('70961', 'SUBPRODUCTOS'),
('70962', 'DESECHOS Y DESPERDICIOS'),
('7097', 'PRESTACIÓN DE SERVICIOS'),
('70971', 'TERCEROS'),
('70972', 'RELACIONADAS'),
('71', 'VARIACIÓN DE LA PRODUCCIÓN ALMACENADA'),
('711', 'VARIACIÓN DE PRODUCTOS TERMINADOS'),
('7111', 'PRODUCTOS MANUFACTURADOS'),
('7112', 'PRODUCTOS DE EXTRACCIÓN TERMINADOS'),
('7113', 'PRODUCTOS AGROPECUARIOS Y PISCÍCOLAS TERMINADOS'),
('7114', 'PRODUCTOS INMUEBLES TERMINADOS'),
('7115', 'EXISTENCIAS DE SERVICIOS TERMINADOS'),
('712', 'VARIACIÓN DE SUBPRODUCTOS, DESECHOS Y DESPERDICIOS'),
('7121', 'SUBPRODUCTOS'),
('7122', 'DESECHOS Y DESPERDICIOS'),
('713', 'VARIACIÓN DE PRODUCTOS EN PROCESO'),
('7131', 'PRODUCTOS EN PROCESO DE MANUFACTURA'),
('7132', 'PRODUCTOS EXTRAÍDOS EN PROCESO DE TRANSFORMACIÓN'),
('7133', 'PRODUCTOS AGROPECUARIOS Y PISCÍCOLAS EN PROCESO'),
('7134', 'PRODUCTOS INMUEBLES EN PROCESO'),
('7135', 'EXISTENCIAS DE SERVICIOS EN PROCESO'),
('7138', 'OTROS PRODUCTOS EN PROCESO'),
('714', 'VARIACIÓN DE ENVASES Y EMBALAJES'),
('7141', 'ENVASES'),
('7142', 'EMBALAJES'),
('715', 'VARIACIÓN DE EXISTENCIAS DE SERVICIOS'),
('72', 'PRODUCCIÓN DE ACTIVO INMOVILIZADO'),
('721', 'INVERSIONES INMOBILIARIAS'),
('7211', 'EDIFICACIONES'),
('722', 'INMUEBLES, MAQUINARIA Y EQUIPO'),
('7221', 'EDIFICACIONES'),
('7222', 'MAQUINARIAS Y OTROS EQUIPOS DE EXPLOTACIÓN'),
('7223', 'EQUIPO DE TRANSPORTE'),
('7224', 'MUEBLES Y ENSERES'),
('7225', 'EQUIPOS DIVERSOS'),
('7226', 'EQUIPO DE COMUNICACIÓN'),
('7227', 'EQUIPO DE SEGURIDAD'),
('7228', 'OTROS EQUIPOS'),
('723', 'INTANGIBLES'),
('7231', 'PROGRAMAS DE COMPUTADORA (SOFTWARE)'),
('7232', 'COSTOS DE EXPLORACIÓN Y DESARROLLO'),
('7233', 'FÓRMULAS, DISEÑOS Y PROTOTIPOS'),
('724', 'ACTIVOS BIOLÓGICOS'),
('7241', 'ACTIVOS BIOLÓGICOS EN DESARROLLO DE ORIGEN ANIMAL'),
('7242', 'ACTIVOS BIOLÓGICOS EN DESARROLLO DE ORIGEN VEGETAL'),
('725', 'COSTOS DE FINANCIACIÓN CAPITALIZADOS'),
('7251', 'COSTOS DE FINANCIACIÓN – INVERSIONES INMOBILIARIAS'),
('72511', 'COSTOS DE FINANCIACIÓN – INVERSIONES INMOBILIARIAS – EDIFICACIONES'),
('7252', 'COSTOS DE FINANCIACIÓN – INMUEBLES, MAQUINARIA Y EQUIPO'),
('72521', 'EDIFICACIONES'),
('72522', 'MAQUINARIAS Y OTROS EQUIPOS DE EXPLOTACIÓN'),
('7253', 'COSTOS DE FINANCIACIÓN – INTANGIBLES'),
('7254', 'COSTOS DE FINANCIACIÓN – ACTIVOS BIOLÓGICOS EN DESARROLLO'),
('72541', 'ACTIVOS BIOLÓGICOS DE ORIGEN ANIMAL'),
('72542', 'ACTIVOS BIOLÓGICOS DE ORIGEN VEGETAL'),
('73', 'DESCUENTOS, REBAJAS Y BONIFICACIONES OBTENIDOS'),
('731', 'DESCUENTOS, REBAJAS Y BONIFICACIONES OBTENIDOS'),
('7311', 'TERCEROS'),
('7312', 'RELACIONADAS'),
('74', 'DESCUENTOS, REBAJAS Y BONIFICACIONES CONCEDIDOS'),
('741', 'DESCUENTOS, REBAJAS Y BONIFICACIONES CONCEDIDOS'),
('7411', 'TERCEROS'),
('7412', 'RELACIONADAS'),
('75', 'OTROS INGRESOS DE GESTIÓN'),
('751', 'SERVICIOS EN BENEFICIO DEL PERSONAL'),
('752', 'COMISIONES Y CORRETAJES'),
('753', 'REGALÍAS'),
('754', 'ALQUILERES'),
('7541', 'TERRENOS'),
('7542', 'EDIFICACIONES'),
('7543', 'MAQUINARIAS Y EQUIPOS DE EXPLOTACIÓN'),
('7544', 'EQUIPO DE TRANSPORTE'),
('7545', 'EQUIPOS DIVERSOS'),
('755', 'RECUPERACIÓN DE CUENTAS DE VALUACIÓN'),
('7551', 'RECUPERACIÓN - CUENTAS DE COBRANZA DUDOSA'),
('7552', 'RECUPERACIÓN - DESVALORIZACIÓN DE EXISTENCIAS'),
('7553', 'RECUPERACIÓN – DESVALORIZACIÓN DE INVERSIONES MOBILIARIAS'),
('756', 'ENAJENACIÓN DE ACTIVOS INMOVILIZADOS'),
('7561', 'INVERSIONES INMOBILIARIAS'),
('7562', 'ACTIVOS ADQUIRIDOS EN ARRENDAMIENTO FINANCIERO'),
('7563', 'INMUEBLES, MAQUINARIA Y EQUIPO'),
('7564', 'INTANGIBLES'),
('7565', 'ACTIVOS BIOLÓGICOS'),
('757', 'RECUPERACIÓN DE DETERIORO DE CUENTAS DE ACTIVOS INMOVILIZADOS'),
('759', 'OTROS INGRESOS DE GESTIÓN'),
('7591', 'SUBSIDIOS GUBERNAMENTALES'),
('76', 'GANANCIA POR MEDICIÓN DE ACTIVOS NO FINANCIEROS AL VALOR RAZONABLE'),
('761', 'ACTIVO REALIZABLE'),
('7611', 'MERCADERÍAS'),
('7612', 'PRODUCTOS EN PROCESO'),
('7613', 'ACTIVOS NO CORRIENTES MANTENIDOS PARA LA VENTA'),
('762', 'ACTIVO INMOVILIZADO'),
('7621', 'INVERSIONES INMOBILIARIAS'),
('7622', 'ACTIVOS BIOLÓGICOS'),
('763', 'PARTICIPACIÓN EN LOS RESULTADOS DE SUBSIDIARIAS Y ASOCIADAS BAJO EL MÉTODO DEL VALOR PATRIMONIAL'),
('764', 'INGRESOS POR PARTICIPACIONES EN NEGOCIOS CONJUNTOS'),
('77', 'INGRESOS FINANCIEROS'),
('771', 'GANANCIA POR INSTRUMENTO FINANCIERO DERIVADO'),
('772', 'RENDIMIENTOS GANADOS'),
('7721', 'DEPÓSITOS EN INSTITUCIONES FINANCIERAS'),
('7722', 'CUENTAS POR COBRAR COMERCIALES'),
('7723', 'PRÉSTAMOS OTORGADOS'),
('7724', 'INVERSIONES A SER MANTENIDAS HASTA EL VENCIMIENTO'),
('7725', 'INSTRUMENTOS FINANCIEROS REPRESENTATIVOS DE DERECHO PATRIMONIAL'),
('773', 'DIVIDENDOS'),
('775', 'DESCUENTOS OBTENIDOS POR PRONTO PAGO'),
('776', 'DIFERENCIA EN CAMBIO'),
('777', 'GANANCIA POR MEDICIÓN DE ACTIVOS Y PASIVOS FINANCIEROS AL VALOR RAZONABLE'),
('779', 'OTROS INGRESOS FINANCIEROS'),
('7792', 'INGRESOS FINANCIEROS EN MEDICIÓN A VALOR DESCONTADO'),
('78', 'CARGAS CUBIERTAS POR PROVISIONES'),
('781', 'CARGAS CUBIERTAS POR PROVISIONES'),
('79', 'CARGAS IMPUTABLES A CUENTAS DE COSTOS Y GASTOS'),
('791', 'CARGAS IMPUTABLES A CUENTAS DE COSTOS Y GASTOS'),
('792', 'GASTOS FINANCIEROS IMPUTABLES A CUENTAS DE EXISTENCIAS'),
('80', 'MARGEN COMERCIAL'),
('801', 'MARGEN COMERCIAL'),
('81', 'PRODUCCIÓN DEL EJERCICIO'),
('811', 'PRODUCCIÓN DE BIENES'),
('812', 'PRODUCCIÓN DE SERVICIOS'),
('813', 'PRODUCCIÓN DE ACTIVO INMOVILIZADO'),
('82', 'VALOR AGREGADO'),
('821', 'VALOR AGREGADO'),
('83', 'EXCEDENTE BRUTO (INSUFICIENCIA BRUTA) DE EXPLOTACIÓN'),
('831', 'EXCEDENTE BRUTO (INSUFICIENCIA BRUTA) DE EXPLOTACIÓN'),
('84', 'RESULTADO DE EXPLOTACIÓN'),
('841', 'RESULTADO DE EXPLOTACIÓN'),
('85', 'RESULTADO ANTES DE PARTICIPACIONES E IMPUESTOS'),
('851', 'RESULTADO ANTES DE PARTICIPACIONES E IMPUESTOS'),
('87', 'PARTICIPACIONES DE LOS TRABAJADORES'),
('871', 'PARTICIPACIÓN DE LOS TRABAJADORES – CORRIENTE'),
('872', 'PARTICIPACIÓN DE LOS TRABAJADORES – DIFERIDA'),
('88', 'IMPUESTO A LA RENTA'),
('881', 'IMPUESTO A LA RENTA – CORRIENTE'),
('882', 'IMPUESTO A LA RENTA - DIFERIDO'),
('89', 'DETERMINACIÓN DEL RESULTADO DEL EJERCICIO'),
('891', 'UTILIDAD'),
('892', 'PÉRDIDA'),
('91', 'COSTOS POR DISTRIBUIR.'),
('92', 'COSTOS DE PRODUCCIÓN.'),
('93', 'CENTROS DE COSTOS.'),
('94', 'GASTOS ADMINISTRATIVOS.'),
('95', 'GASTOS DE VENTAS.'),
('96', 'GASTOS FINANCIEROS');

-- --------------------------------------------------------

--
-- Estructura de tabla para la tabla `registro_compra`
--

CREATE TABLE `registro_compra` (
  `EMPRES_ID` int(11) NOT NULL,
  `REGCOM_ID` int(11) NOT NULL,
  `REGCOM_FECHA_EMISION_COMPROBANTE` timestamp NOT NULL DEFAULT CURRENT_TIMESTAMP ON UPDATE CURRENT_TIMESTAMP,
  `REGCOM_FECHA_COMPROBANTE_VENCIMIENTO` timestamp NOT NULL DEFAULT '0000-00-00 00:00:00',
  `REGCOM_COMPROBANTE_TIPO` varchar(2) COLLATE utf8_unicode_ci NOT NULL COMMENT 'tabla 10 sunat',
  `REGCOM_COMPROBANTE_SERIE` varchar(4) COLLATE utf8_unicode_ci NOT NULL,
  `REGCOM_COMPROBANTE_NUMERO` int(11) NOT NULL,
  `REGCOM_PROVEEDOR_TIPO` varchar(1) COLLATE utf8_unicode_ci NOT NULL COMMENT 'tabla 2 sunat',
  `REGCOM_PROVEEDOR_NUMERO` varchar(11) COLLATE utf8_unicode_ci NOT NULL,
  `REGCOM_PROVEEDOR_NOMBRE` varchar(250) COLLATE utf8_unicode_ci NOT NULL,
  `REGCOM_BASE_IMPONIBLE` decimal(10,4) NOT NULL,
  `REGCOM_IGV` decimal(10,4) NOT NULL,
  `REGCOM_IMPORTE_TOTAL` decimal(10,4) NOT NULL,
  `REGISTER_USUARI_ID` int(11) NOT NULL,
  `REGISTER_DATE` timestamp NOT NULL DEFAULT CURRENT_TIMESTAMP,
  `UPDATE_USUARI_ID` int(11) NOT NULL,
  `UPDATE_DATE` timestamp NOT NULL DEFAULT '0000-00-00 00:00:00'
) ENGINE=InnoDB DEFAULT CHARSET=utf8 COLLATE=utf8_unicode_ci;

-- --------------------------------------------------------

--
-- Estructura de tabla para la tabla `registro_venta`
--

CREATE TABLE `registro_venta` (
  `REGVEN_ID` int(11) NOT NULL,
  `REGVEN_FECHA_COMPROBANTE` datetime NOT NULL,
  `REGVEN_FECHA_PAGO` datetime NOT NULL,
  `REGVEN_COMPROBANTE_TIPO` int(2) NOT NULL,
  `REGVEN_COMPROBANTE_SERIE` varchar(4) COLLATE utf8_unicode_ci NOT NULL,
  `REGVEN_COMPROBANTE_NUMERO` int(11) NOT NULL,
  `REGVEN_CLIENTE_TIPO` varchar(1) COLLATE utf8_unicode_ci NOT NULL,
  `REGVEN_CLIENTE_NUMERO` varchar(11) COLLATE utf8_unicode_ci NOT NULL,
  `REGVEN_CLIENTE_NOMBRE` varchar(250) COLLATE utf8_unicode_ci NOT NULL,
  `REGVEN_BASE_IMPONIBLE` decimal(10,3) NOT NULL,
  `REGVEN_IGV` decimal(10,3) NOT NULL,
  `REGVEN_IMPORTE_TOTAL` decimal(10,3) NOT NULL,
  `AUDIT_REGISTER_USUARIO_ID` int(11) NOT NULL,
  `AUDIT_REGISTER_DATE` timestamp NOT NULL DEFAULT CURRENT_TIMESTAMP,
  `AUDIT_UPDATE_USUARI_ID` int(11) NOT NULL,
  `AUDIT_UPDATE_DATE` timestamp NOT NULL DEFAULT '0000-00-00 00:00:00'
) ENGINE=InnoDB DEFAULT CHARSET=utf8 COLLATE=utf8_unicode_ci;

--
-- Volcado de datos para la tabla `registro_venta`
--

INSERT INTO `registro_venta` (`REGVEN_ID`, `REGVEN_FECHA_COMPROBANTE`, `REGVEN_FECHA_PAGO`, `REGVEN_COMPROBANTE_TIPO`, `REGVEN_COMPROBANTE_SERIE`, `REGVEN_COMPROBANTE_NUMERO`, `REGVEN_CLIENTE_TIPO`, `REGVEN_CLIENTE_NUMERO`, `REGVEN_CLIENTE_NOMBRE`, `REGVEN_BASE_IMPONIBLE`, `REGVEN_IGV`, `REGVEN_IMPORTE_TOTAL`, `AUDIT_REGISTER_USUARIO_ID`, `AUDIT_REGISTER_DATE`, `AUDIT_UPDATE_USUARI_ID`, `AUDIT_UPDATE_DATE`) VALUES
(1, '2019-03-08 16:29:37', '2019-03-08 16:29:37', 1, 'E001', 1, '6', '20563606461', 'AYARU\'S S&E S.A.C.', '99.153', '17.847', '117.000', 1, '2019-03-08 21:29:37', 1, '2019-03-08 21:29:37'),
(2, '2019-03-08 16:29:40', '2019-03-08 16:29:40', 1, 'E001', 2, '6', '20563606461', 'AYARU\'S S&E S.A.C.', '610.169', '109.831', '720.000', 1, '2019-03-08 21:29:40', 1, '2019-03-08 21:29:40'),
(3, '2019-03-08 16:42:07', '2019-03-08 16:42:07', 1, 'E001', 3, '6', '20563606461', 'AYARU\'S S&E S.A.C.', '644.068', '115.932', '760.000', 1, '2019-03-08 21:42:07', 1, '2019-03-08 21:42:07'),
(4, '2019-03-08 16:43:55', '2019-03-08 16:43:55', 1, 'E001', 4, '6', '20563606461', 'AYARU\'S S&E S.A.C.', '711.863', '128.135', '839.999', 1, '2019-03-08 21:43:55', 1, '2019-03-08 21:43:55'),
(5, '2019-03-08 16:47:11', '2019-03-08 16:47:11', 1, 'E001', 5, '6', '20563606461', 'AYARU\'S S&E S.A.C.', '550.848', '99.153', '650.000', 1, '2019-03-08 21:47:11', 1, '2019-03-08 21:47:11'),
(6, '2019-03-08 16:49:09', '2019-03-08 16:49:09', 1, 'E001', 6, '6', '20563606461', 'AYARU\'S S&E S.A.C.', '601.694', '108.305', '709.999', 1, '2019-03-08 21:49:09', 1, '2019-03-08 21:49:09'),
(7, '2019-03-08 16:50:46', '2019-03-08 16:50:46', 1, 'E001', 7, '6', '20563606461', 'AYARU\'S S&E S.A.C.', '627.118', '112.881', '739.999', 1, '2019-03-08 21:50:46', 1, '2019-03-08 21:50:46'),
(8, '2019-03-08 16:53:14', '2019-03-08 16:53:14', 1, 'E001', 8, '6', '20563606461', 'AYARU\'S S&E S.A.C.', '661.017', '118.983', '780.000', 1, '2019-03-08 21:53:14', 1, '2019-03-08 21:53:14'),
(9, '2019-03-08 16:54:40', '2019-03-08 16:54:40', 1, 'E001', 9, '6', '20563606461', 'AYARU\'S S&E S.A.C.', '474.576', '85.424', '560.000', 1, '2019-03-08 21:54:40', 1, '2019-03-08 21:54:40'),
(10, '2019-03-08 16:56:10', '2019-03-08 16:56:10', 1, 'E001', 10, '6', '20563606461', 'AYARU\'S S&E S.A.C.', '664.830', '119.669', '784.499', 1, '2019-03-08 21:56:10', 1, '2019-03-08 21:56:10');

-- --------------------------------------------------------

--
-- Estructura de tabla para la tabla `registro_venta_detalle`
--

CREATE TABLE `registro_venta_detalle` (
  `REGVEN_ID` int(11) NOT NULL,
  `REVEDE_ITEM` int(11) NOT NULL,
  `REVEDE_CANTIDAD` int(11) NOT NULL,
  `REVEDE_DETALLE` varchar(250) NOT NULL,
  `REVEDE_PRECIO` decimal(10,5) NOT NULL
) ENGINE=InnoDB DEFAULT CHARSET=latin1;

--
-- Volcado de datos para la tabla `registro_venta_detalle`
--

INSERT INTO `registro_venta_detalle` (`REGVEN_ID`, `REVEDE_ITEM`, `REVEDE_CANTIDAD`, `REVEDE_DETALLE`, `REVEDE_PRECIO`) VALUES
(1, 1, 13, 'MENU', '7.62712'),
(2, 1, 72, 'MENU', '8.47458'),
(3, 1, 16, 'MENU DEL LUNES', '8.47458'),
(4, 1, 13, 'MENU DEL LUNES', '8.47458'),
(5, 1, 12, 'MENU DEL LUNES', '8.47458'),
(6, 1, 13, 'MENU DEL LUNES', '8.47458'),
(7, 1, 13, 'MENU DEL LUNES', '8.47458'),
(8, 1, 19, 'MENU DEL LUNES', '8.47458'),
(9, 1, 12, 'MENU DEL LUNES', '8.47458'),
(10, 1, 1, 'GASEOSA PEQUEÑA', '2.11864'),
(3, 2, 15, 'MENU DEL MARTES', '8.47458'),
(4, 2, 15, 'MENU DEL MARTES', '8.47458'),
(5, 2, 15, 'MENU DEL MARTES', '8.47458'),
(6, 2, 13, 'MENU DEL MARTES', '8.47458'),
(7, 2, 12, 'MENU DEL MARTES', '8.47458'),
(8, 2, 18, 'MENU DEL MARTES', '8.47458'),
(9, 2, 16, 'MENU DEL MIERCOLES', '8.47458'),
(10, 2, 41, 'CERVEZA', '5.93220'),
(3, 3, 16, 'MENU DEL MIERCOLES', '8.47458'),
(4, 3, 16, 'MENU DEL MIERCOLES', '8.47458'),
(5, 3, 11, 'MENU DEL MIERCOLES', '8.47458'),
(6, 3, 16, 'MENU DEL MIERCOLES', '8.47458'),
(7, 3, 21, 'MENU DEL MIERCOLES', '8.47458'),
(8, 3, 12, 'MENU DEL MIERCOLES', '8.47458'),
(9, 3, 14, 'MENU DEL JUEVES', '8.47458'),
(10, 3, 5, 'GASEOSA GRANDE', '5.93220'),
(3, 4, 15, 'MENU DEL JUEVES', '8.47458'),
(4, 4, 18, 'MENU DEL JUEVES', '8.47458'),
(5, 4, 12, 'MENU DEL JUEVES', '8.47458'),
(6, 4, 15, 'MENU DEL JUEVES', '8.47458'),
(7, 4, 14, 'MENU DEL JUEVES', '8.47458'),
(8, 4, 15, 'MENU DEL JUEVES', '8.47458'),
(9, 4, 14, 'MENU DEL VIERNES', '8.47458'),
(10, 4, 3, 'CHICHARRON DE PESCADO', '21.18644'),
(3, 5, 14, 'MENU DEL VIENRES', '8.47458'),
(4, 5, 16, 'MENU DEL VIERNES ', '8.47458'),
(5, 5, 15, 'MENU DEL VIERNES', '8.47458'),
(6, 5, 14, 'MENU DEL VIERNES', '8.47458'),
(7, 5, 14, 'MENU DEL VIERNES', '8.47458'),
(8, 5, 14, 'MENU DEL VIERNES', '8.47458'),
(10, 5, 1, 'JALEA DE PESCADO', '16.94915'),
(4, 6, 4, 'GASEOSA', '12.71186'),
(10, 6, 5, 'JALEA MIXTA', '21.18644'),
(10, 7, 2, 'CEVICHE CON CHICHARRON', '21.18644'),
(10, 8, 2, 'CEVICHE DE PESCADO', '16.94915'),
(10, 9, 2, 'CEVICHE MIXTO', '21.18644'),
(10, 10, 4, 'PARIHUELA', '21.18644');

-- --------------------------------------------------------

--
-- Estructura de tabla para la tabla `rol`
--

CREATE TABLE `rol` (
  `ROL_ID` int(11) NOT NULL,
  `ROL_DESCRIPCION` varchar(200) COLLATE utf8_unicode_ci NOT NULL,
  `REGISTER_USUARI_ID` int(11) NOT NULL,
  `REGISTER_DATE` timestamp NOT NULL DEFAULT CURRENT_TIMESTAMP,
  `UPDATE_USUARI_ID` int(11) NOT NULL,
  `UPDATE_DATE` timestamp NOT NULL DEFAULT '0000-00-00 00:00:00'
) ENGINE=InnoDB DEFAULT CHARSET=utf8 COLLATE=utf8_unicode_ci;

--
-- Volcado de datos para la tabla `rol`
--

INSERT INTO `rol` (`ROL_ID`, `ROL_DESCRIPCION`, `REGISTER_USUARI_ID`, `REGISTER_DATE`, `UPDATE_USUARI_ID`, `UPDATE_DATE`) VALUES
(1, 'Administrador', 1, '2018-11-20 21:41:47', 1, '2018-11-21 03:41:47'),
(2, 'Chef', 1, '2018-11-20 21:41:57', 1, '2018-11-21 03:41:57'),
(3, 'Mozo', 1, '2019-01-14 22:01:24', 1, '0000-00-00 00:00:00'),
(4, 'Cajera', 1, '2019-01-08 00:38:49', 1, '2019-01-08 06:38:49'),
(5, 'Seguridad', 1, '2019-01-15 01:12:30', 1, '2019-01-15 06:12:30');

-- --------------------------------------------------------

--
-- Estructura de tabla para la tabla `rol_entidad`
--

CREATE TABLE `rol_entidad` (
  `ROLENT_ID` int(11) NOT NULL,
  `ROLENT_DESCRIPCION` varchar(200) CHARACTER SET utf8 COLLATE utf8_unicode_ci NOT NULL
) ENGINE=InnoDB DEFAULT CHARSET=latin1;

--
-- Volcado de datos para la tabla `rol_entidad`
--

INSERT INTO `rol_entidad` (`ROLENT_ID`, `ROLENT_DESCRIPCION`) VALUES
(1, 'CLIENTE'),
(2, 'PROVEEDOR');

-- --------------------------------------------------------

--
-- Estructura de tabla para la tabla `tipo_comprobante_pago`
--

CREATE TABLE `tipo_comprobante_pago` (
  `TICOPA_ID` int(2) NOT NULL,
  `TICOPA_DESCRIPCION` varchar(250) NOT NULL
) ENGINE=InnoDB DEFAULT CHARSET=latin1;

--
-- Volcado de datos para la tabla `tipo_comprobante_pago`
--

INSERT INTO `tipo_comprobante_pago` (`TICOPA_ID`, `TICOPA_DESCRIPCION`) VALUES
(1, 'Factura'),
(3, 'Boleta de Venta');

-- --------------------------------------------------------

--
-- Estructura de tabla para la tabla `tipo_documento`
--

CREATE TABLE `tipo_documento` (
  `TIPDOC_ID` int(11) NOT NULL,
  `TIPDOC_DESCRIPCION` varchar(20) COLLATE utf8_unicode_ci NOT NULL
) ENGINE=InnoDB DEFAULT CHARSET=utf8 COLLATE=utf8_unicode_ci;

--
-- Volcado de datos para la tabla `tipo_documento`
--

INSERT INTO `tipo_documento` (`TIPDOC_ID`, `TIPDOC_DESCRIPCION`) VALUES
(1, 'DNI'),
(6, 'RUC');

-- --------------------------------------------------------

--
-- Estructura de tabla para la tabla `usuario`
--

CREATE TABLE `usuario` (
  `USUARI_ID` int(11) NOT NULL,
  `USUARI_USERNAME` varchar(200) COLLATE utf8_unicode_ci NOT NULL,
  `USUARI_PASSWORD` char(32) COLLATE utf8_unicode_ci NOT NULL,
  `ROL_ID` int(11) NOT NULL,
  `USUARI_ADMIN` tinyint(1) NOT NULL,
  `REGISTER_USUARI_ID` int(11) NOT NULL,
  `REGISTER_DATE` timestamp NOT NULL DEFAULT CURRENT_TIMESTAMP,
  `UPDATE_USUARI_ID` int(11) NOT NULL,
  `UPDATE_DATE` timestamp NOT NULL DEFAULT '0000-00-00 00:00:00'
) ENGINE=InnoDB DEFAULT CHARSET=utf8 COLLATE=utf8_unicode_ci;

--
-- Volcado de datos para la tabla `usuario`
--

INSERT INTO `usuario` (`USUARI_ID`, `USUARI_USERNAME`, `USUARI_PASSWORD`, `ROL_ID`, `USUARI_ADMIN`, `REGISTER_USUARI_ID`, `REGISTER_DATE`, `UPDATE_USUARI_ID`, `UPDATE_DATE`) VALUES
(1, 'burngeek8', '81dc9bdb52d04dc20036dbd8313ed055', 1, 1, 1, '2018-12-13 17:10:00', 1, '2018-12-13 23:10:01'),
(2, 'will', '81dc9bdb52d04dc20036dbd8313ed055', 3, 0, 1, '2018-12-19 17:19:01', 1, '2018-12-19 23:19:02'),
(3, 'ilcan', '81dc9bdb52d04dc20036dbd8313ed055', 2, 0, 1, '2019-01-07 22:28:59', 1, '2019-01-08 04:28:59'),
(4, 'maria', '81dc9bdb52d04dc20036dbd8313ed055', 4, 0, 1, '2019-01-08 00:39:55', 1, '2019-01-08 05:39:54'),
(5, 'admin', '81dc9bdb52d04dc20036dbd8313ed055', 1, 0, 1, '2019-02-02 00:53:00', 1, '2019-02-02 06:53:02');

--
-- Índices para tablas volcadas
--

--
-- Indices de la tabla `carta`
--
ALTER TABLE `carta`
  ADD PRIMARY KEY (`CARTA_ID`);

--
-- Indices de la tabla `empresa`
--
ALTER TABLE `empresa`
  ADD PRIMARY KEY (`EMPRES_ID`);

--
-- Indices de la tabla `empresa_cuenta_contable`
--
ALTER TABLE `empresa_cuenta_contable`
  ADD PRIMARY KEY (`EMPRES_ID`,`CUENTA_CODIGO`);

--
-- Indices de la tabla `entidad`
--
ALTER TABLE `entidad`
  ADD PRIMARY KEY (`ENTIDA_ID`),
  ADD KEY `TIPDOC_ID` (`TIPDOC_ID`);

--
-- Indices de la tabla `entidad_rol`
--
ALTER TABLE `entidad_rol`
  ADD PRIMARY KEY (`ENTIDA_ID`,`ROLENT_ID`) USING BTREE;

--
-- Indices de la tabla `menu`
--
ALTER TABLE `menu`
  ADD PRIMARY KEY (`MENU_ID`);

--
-- Indices de la tabla `mesa`
--
ALTER TABLE `mesa`
  ADD PRIMARY KEY (`MESA_ID`);

--
-- Indices de la tabla `pedido`
--
ALTER TABLE `pedido`
  ADD PRIMARY KEY (`PEDIDO_ID`),
  ADD KEY `MESA_ID` (`MESA_ID`),
  ADD KEY `USUARIO` (`REGISTER_USUARI_ID`);

--
-- Indices de la tabla `pedido_detalle`
--
ALTER TABLE `pedido_detalle`
  ADD KEY `PEDIDO_ID` (`PEDIDO_ID`),
  ADD KEY `CARTA_ID` (`CARTA_ID`),
  ADD KEY `PEDDET_ID` (`PEDDET_ID`);

--
-- Indices de la tabla `plan_contable`
--
ALTER TABLE `plan_contable`
  ADD PRIMARY KEY (`codigo`);

--
-- Indices de la tabla `registro_compra`
--
ALTER TABLE `registro_compra`
  ADD PRIMARY KEY (`EMPRES_ID`,`REGCOM_ID`) USING BTREE;

--
-- Indices de la tabla `registro_venta`
--
ALTER TABLE `registro_venta`
  ADD PRIMARY KEY (`REGVEN_ID`);

--
-- Indices de la tabla `registro_venta_detalle`
--
ALTER TABLE `registro_venta_detalle`
  ADD PRIMARY KEY (`REVEDE_ITEM`,`REGVEN_ID`) USING BTREE;

--
-- Indices de la tabla `rol`
--
ALTER TABLE `rol`
  ADD PRIMARY KEY (`ROL_ID`);

--
-- Indices de la tabla `rol_entidad`
--
ALTER TABLE `rol_entidad`
  ADD PRIMARY KEY (`ROLENT_ID`);

--
-- Indices de la tabla `tipo_comprobante_pago`
--
ALTER TABLE `tipo_comprobante_pago`
  ADD PRIMARY KEY (`TICOPA_ID`);

--
-- Indices de la tabla `tipo_documento`
--
ALTER TABLE `tipo_documento`
  ADD PRIMARY KEY (`TIPDOC_ID`);

--
-- Indices de la tabla `usuario`
--
ALTER TABLE `usuario`
  ADD PRIMARY KEY (`USUARI_ID`),
  ADD KEY `ROL` (`ROL_ID`);

--
-- AUTO_INCREMENT de las tablas volcadas
--

--
-- AUTO_INCREMENT de la tabla `carta`
--
ALTER TABLE `carta`
  MODIFY `CARTA_ID` int(11) NOT NULL AUTO_INCREMENT, AUTO_INCREMENT=9;

--
-- AUTO_INCREMENT de la tabla `empresa`
--
ALTER TABLE `empresa`
  MODIFY `EMPRES_ID` int(9) NOT NULL AUTO_INCREMENT, AUTO_INCREMENT=2;

--
-- AUTO_INCREMENT de la tabla `entidad`
--
ALTER TABLE `entidad`
  MODIFY `ENTIDA_ID` int(11) NOT NULL AUTO_INCREMENT, AUTO_INCREMENT=7;

--
-- AUTO_INCREMENT de la tabla `menu`
--
ALTER TABLE `menu`
  MODIFY `MENU_ID` int(11) NOT NULL AUTO_INCREMENT, AUTO_INCREMENT=17;

--
-- AUTO_INCREMENT de la tabla `mesa`
--
ALTER TABLE `mesa`
  MODIFY `MESA_ID` int(11) NOT NULL AUTO_INCREMENT, AUTO_INCREMENT=6;

--
-- AUTO_INCREMENT de la tabla `pedido`
--
ALTER TABLE `pedido`
  MODIFY `PEDIDO_ID` int(11) NOT NULL AUTO_INCREMENT, AUTO_INCREMENT=14;

--
-- AUTO_INCREMENT de la tabla `registro_venta`
--
ALTER TABLE `registro_venta`
  MODIFY `REGVEN_ID` int(11) NOT NULL AUTO_INCREMENT, AUTO_INCREMENT=11;

--
-- AUTO_INCREMENT de la tabla `rol`
--
ALTER TABLE `rol`
  MODIFY `ROL_ID` int(11) NOT NULL AUTO_INCREMENT, AUTO_INCREMENT=6;

--
-- AUTO_INCREMENT de la tabla `rol_entidad`
--
ALTER TABLE `rol_entidad`
  MODIFY `ROLENT_ID` int(11) NOT NULL AUTO_INCREMENT, AUTO_INCREMENT=3;

--
-- AUTO_INCREMENT de la tabla `tipo_documento`
--
ALTER TABLE `tipo_documento`
  MODIFY `TIPDOC_ID` int(11) NOT NULL AUTO_INCREMENT, AUTO_INCREMENT=7;

--
-- AUTO_INCREMENT de la tabla `usuario`
--
ALTER TABLE `usuario`
  MODIFY `USUARI_ID` int(11) NOT NULL AUTO_INCREMENT, AUTO_INCREMENT=6;

--
-- Restricciones para tablas volcadas
--

--
-- Filtros para la tabla `pedido`
--
ALTER TABLE `pedido`
  ADD CONSTRAINT `MESA` FOREIGN KEY (`MESA_ID`) REFERENCES `mesa` (`MESA_ID`),
  ADD CONSTRAINT `USUARIO` FOREIGN KEY (`REGISTER_USUARI_ID`) REFERENCES `usuario` (`USUARI_ID`);

--
-- Filtros para la tabla `pedido_detalle`
--
ALTER TABLE `pedido_detalle`
  ADD CONSTRAINT `PEDIDO_ID` FOREIGN KEY (`PEDIDO_ID`) REFERENCES `pedido` (`PEDIDO_ID`),
  ADD CONSTRAINT `pedido_detalle_ibfk_1` FOREIGN KEY (`CARTA_ID`) REFERENCES `carta` (`CARTA_ID`);

--
-- Filtros para la tabla `usuario`
--
ALTER TABLE `usuario`
  ADD CONSTRAINT `ROL` FOREIGN KEY (`ROL_ID`) REFERENCES `rol` (`ROL_ID`);
COMMIT;

/*!40101 SET CHARACTER_SET_CLIENT=@OLD_CHARACTER_SET_CLIENT */;
/*!40101 SET CHARACTER_SET_RESULTS=@OLD_CHARACTER_SET_RESULTS */;
/*!40101 SET COLLATION_CONNECTION=@OLD_COLLATION_CONNECTION */;
